title,originallink,link,description,pubDate,context
개미들 '하한가 따먹기'…<b>삼성전자</b> 대신 '여기' 몰렸다,https://www.hankyung.com/article/202311031162i,https://n.news.naver.com/mnews/article/015/0004910103?sid=101,이날 2위를 기록한 <b>삼성전자</b>(거래대금 7168억원)보다 많았다. 거래량은 1억9993주에 육박했다. 전체 상장 주식수(4648만여주)의 5배에 달하는 주식이 하루에 거래됐다. 이날 개인은 영풍제지를 382억원(997만여주)어치... ,"Fri, 03 Nov 2023 17:05:00 +0900","코스피·코스닥 1%대 상승…'최장 하한가' 영풍제지 강세 전환

코스피, 코스닥 양대 지수가 그간 증시를 짓눌렀던 금리 인상이 막바지에 달했단 기대감에 1%대 강세 마감했다. 전날 큰 폭으로 오른 데 이은 추가 상승이다. 3일 코스피지수는 전거래일 대비 25.22포인트(1.08%) 오른 2368.34에 거래를 마쳤다. 장중엔 2370선도 회복했다. 코스피가 종가 기준 2360선을 웃돈 건 지난달 25일 이후 7거래일 만이다. 외국인과 기관이 지수를 견인했다. 이날 유가증권시장에서 외국인과 기관은 각각 1348억원, 1632억원어치 사들였고, 개인 혼자 3025억원어치 팔아치웠다.코스피 시가총액 상위단은 LG에너지솔루션(2.68%), POSCO홀딩스(2.46%), LG화학(3.4%), 삼성SDI(0.67%), 포스코퓨처엠(3.66%) 등 이차전지 관련주가 상대적으로 큰 폭의 강세를 실현했다.3분기 호실적을 기록한 네이버(5.08%)와 카카오(7.13%) 등 인터넷주도 급등했다. 금리 인상 종료 기대감에 대표 성장주인 이들 종목에 대한 투자심리가 되살아났단 분석이다. 실적 기대감도 주가를 밀어올렸다. 카카오는 이날 급등에 11거래일 만에 4만원대를 회복했다. 반면 삼성전자(-0.14%)는 소폭 하락하며 7만원을 목전에 뒀다. 삼성바이오로직스(-0.98%) 1%가량 내렸다. 이날 코스닥지수도 상승했다. 지수는 전장 대비 1.19% 상승한 782.04를 기록했다. 코스닥은 개인이 떠받쳤다. 개인 혼자 1451억원어치 순매수한 반면, 외국인과 기관은 각각 1184억원, 452억원어치 팔아치웠다. 코스닥 시총 상위단도 이차전지 소재주가 크게 올랐다. 에코프로비엠은 6%대 강세를 보였고, 엘앤에프는 3%가량 상승했다. 에코프로(-1.85%)만 하락했다.레인보우로보틱스(6.91%)를 필두로 한 두산로보틱스(7.56%), 티로보틱스(10.2%) 등 로봇주도 줄줄이 뛰었다. 펄어비스(2.75%), 카카오게임스(6.09%) 등 게임주도 큰폭으로 올랐다. 역대 최장(6거래일) 하한가 행진을 이어간 영풍제지(5.24%)는 이날 강세 전환했다. 이경민 대신증권 연구원은 ""코스피는 외국인, 기관 동반 순매수세가 유입됐다""며 ""11월 연방공개시장위원회(FOMC) 이후 호재 영향력 지속되는 가운데 미국채 금리 레벨 다운까지 가시화돼 증시에 우호적인 투자 여건이 형성됐다""고 설명했다. 이 연구원은 ""단기적으로 이같은 반등이 지속해서 탄력을 받을지는 3일(현지시간) 미국 고용지표도 중요하게 작용할 것""이라며 ""컨센서스대로 결과가 나올 경우 시장은 또 한번 채권금리 레벨 하향과 주식 추가 반등이라는 결과를 기대할 수 있을 것""이라고 부연했다. 박수진 미래에셋증권 연구원은 ""국내 증시 상승. FOMC 회의의 제롬 파월 미 중앙은행(Fed) 의장 발언이 비둘기파(통화완화선호)적으로 해석됐다""며 ""이에 따라 미국 국채 금리가 하락했고, 달러가 약세를 기록한 데 힘입어 위험 선호 심리가 회복됐다""고 분석했다. 원·달러 환율은 전날보다 20.5원 내린 1322.4원에 마감했다. 지난 2일(현지시간) 뉴욕증시에서 3대지수는 모두 1.7% 이상 올랐다. 금리 인상이 사실상 끝났다는 기대감에 '안도랠리'가 펼쳐졌다. 이날 뉴욕증권거래소(NYSE)에서 다우지수는 전장 대비 1.7%, S&P500지수는 1.89%, 나스닥지수는 1.78% 각각 뛰었다. 3대지수는 나흘째 강세를 지속했다. 신현아 한경닷컴 기자 sha0119@hankyung.com"
"&quot;<b>삼성전자</b>, 천안사업장 부지 더 넓힌다&quot;…HBM 투자 속도",http://www.newsis.com/view/?id=NISX20231102_0002507216&cID=13001&pID=13000,https://n.news.naver.com/mnews/article/003/0012186222?sid=101,<b>삼성전자</b>가 <b>삼성</b>디스플레이의 천안사업장 내 부지 확보를 위해 <b>삼성</b>디스플레이와 105억원 규모의 부동산 매매 계약을 체결했다. 내년에 첨단 반도체인 고대역폭메모리(HBM) 생산 능력을 올해보다 2.5배 늘리기로 한... ,"Fri, 03 Nov 2023 07:01:00 +0900","[서울=뉴시스] 황준선 기자 = 삼성전자가 31일 올해 3분기 연결 기준 매출 67조4047억원, 영업이익 2조4336억원의 실적을 기록했다고 밝혔다. 매출은 전년 같은 기간 76조7817억원보다 12.2% 감소했고, 영업익도 10조8520억원 대비 77.6% 줄었다. 메모리 부문의 적자 폭이 줄어들고 모바일과 디스플레이 부문의 실적이 올라 올해 처음으로 조 단위 분기 영업이익을 기록했다. 사진은 이날 삼성전자 서초사옥의 모습. 2023.10.31. hwang@newsis.com"
"[게시판] <b>삼성전자</b>, 부산에서 '오디세이 체험존' 운영",https://www.yna.co.kr/view/AKR20231103023500003?input=1195m,https://n.news.naver.com/mnews/article/001/0014306948?sid=101,▲ <b>삼성전자</b>는 '2023 리그 오브 레전드(LoL) 국제대회' 토너먼트 스테이지에 맞춰 오는 17일까지 롯데백화점 부산 본점에서 '오디세이 체험존'을 운영한다고 3일 밝혔다. 방문객은 오디세이 체험존에서 세계 최초... ,"Fri, 03 Nov 2023 08:14:00 +0900",
"<b>삼성전자</b>, 파리서 ‘2030 부산 엑스포’ 알린다",https://economist.co.kr/article/view/ecn202311020032,https://n.news.naver.com/mnews/article/243/0000052244?sid=101,<b>삼성전자</b>가 국제박람회기구(BIE) 총회가 열리는 프랑스 파리에서 2030 부산 세계박람회(엑스포) 유치 지원을 강화한다고 2일 밝혔다. <b>삼성전자</b>는 최근 파리에 입국하는 길목인 샤를드골 국제공항 2E 터미널 입국장에서... ,"Thu, 02 Nov 2023 15:15:00 +0900","삼성전자가 파리 샤를드골 국제공항 광고판을 통해 2023 부산 세계박람회 유치 지원을 하는 모습. [사진 삼성전자]

[이코노미스트 이창훈 기자] 삼성전자가 국제박람회기구(BIE) 총회가 열리는 프랑스 파리에서 2030 부산 세계박람회(엑스포) 유치 지원을 강화한다고 2일 밝혔다.삼성전자는 최근 파리에 입국하는 길목인 샤를드골 국제공항 2E 터미널 입국장에서 14개의 광고판을 통해 부산 엑스포를 집중적으로 알리고 있다.샤를드골 공항 이용객은 100미터 이상의 이동 동선에 연달아 자리 잡은 광고판에서 다양한 갤럭시 광고와 더불어 부산의 인상적인 모습을 일러스트로 표현한 부산 엑스포 홍보 이미지를 접할 수 있다. 이곳은 대한항공, 델타, 에어프랑스 등 주요 항공편이 이용하는 위치다.삼성전자는 2030 엑스포 개최지가 결정되는 11월 28일 BIE 제173회 총회 때까지 파리에서 부산 엑스포를 적극적으로 홍보할 예정이다.이 외에도 삼성전자는 9월 독일 베를린에서 열린 유럽 최대 가전전시회 IFA 2023을 비롯해 ▲2월 스페인 바르셀로나에서 열린 MWC(모바일 월드 콩그레스) ▲1월 스위스 다보스에서 열린 세계경제포럼 등 글로벌 주요 행사에 맞춰 부산 엑스포 광고를 진행해 왔다.ⓒ이코노미스트(https://economist.co.kr) '내일을 위한 경제뉴스 이코노미스트' 무단 전재 및 재배포 금지"
<b>삼성전자</b> 부산서 ‘오디세이 체험존’ 운영,http://news.heraldcorp.com/view.php?ud=20231103000336,https://n.news.naver.com/mnews/article/016/0002219626?sid=101,<b>삼성전자</b>가 ‘2023 리그 오브 레전드 국제대회’ 토너먼트 스테이지에 맞춰 ‘오디세이 체험존’을 롯데백화점 부산 본점에서 17일까지 운영한다. 방문객은 오디세이 체험존에서 ▷세계 최초 듀얼 초고화질(UHD)... ,"Fri, 03 Nov 2023 11:17:00 +0900","방문객이 롯데백화점 부산 본점에 위치한 ‘오디세이 체험존’에서 삼성전자 게이밍 모니터를 체험하고 있다. [삼성전자 제공]

삼성전자가 ‘2023 리그 오브 레전드 국제대회’ 토너먼트 스테이지에 맞춰 ‘오디세이 체험존’을 롯데백화점 부산 본점에서 17일까지 운영한다.

방문객은 오디세이 체험존에서 ▷세계 최초 듀얼 초고화질(UHD) 게이밍 모니터인 57인치 ‘오디세이 네오 G9’ ▷강력하고 빠른 게임플레이를 지원하는 49인치 ‘오디세이 OLED(유기발광다이오드) G9’을 직접 체험해 볼 수 있다.

삼성전자는 행사기간에 삼성스토어 전 지점에서 ‘오디세이 네오 G9’·‘오디세이 OLED G9’·‘오디세이 아크’ 구매 고객에게 10만원 할인 혜택을 제공하며, 체험존이 위치한 롯데백화점 부산 본점 삼성스토어에서는 추가 10만원 할인 혜택을 제공한다.

이 밖에도 관심 고객 등록 및 해시태그 이벤트에 참여한 방문객을 대상으로 T1 및 오디세이 굿즈 등 다양한 상품을 선착순 제공한다. 김지헌 기자

raw@heraldcorp.com"
"넓은 화면 속 '롤'…<b>삼성전자</b>, '오디세이 체험존' 운영",http://www.edaily.co.kr/news/newspath.asp?newsid=01528486635802112,https://n.news.naver.com/mnews/article/018/0005611024?sid=101,<b>삼성전자</b>(005930)가 ‘2023 리그 오브 레전드 국제대회’ 토너먼트 스테이지에 맞춰 ‘오디세이 체험존’을 롯데백화점 부산 본점에서 오는 17일까지 운영한다. 방문객들이 롯데백화점 부산 본점에 위치한 ‘오디세이... ,"Fri, 03 Nov 2023 08:39:00 +0900","[이데일리 조민정 기자] 삼성전자(005930) 가 ‘2023 리그 오브 레전드 국제대회’ 토너먼트 스테이지에 맞춰 ‘오디세이 체험존’을 롯데백화점 부산 본점에서 오는 17일까지 운영한다.방문객들은 오디세이 체험존에서 △세계 최초 듀얼 UHD 게이밍 모니터인 57형 ‘오디세이 네오 G9’ △강력하고 빠른 게임플레이를 지원하는 49형 ‘오디세이 OLED G9’을 직접 체험해 볼 수 있다.삼성전자는 행사기간에 삼성스토어 전 지점에서 ‘오디세이 네오 G9’·‘오디세이 OLED G9’·‘오디세이 아크’ 구매 고객에게 10만원 할인 혜택을 제공하며, 체험존이 위치한 롯데백화점 부산 본점 삼성스토어에서는 추가 10만원 할인 혜택을 제공한다.이 밖에도 관심 고객 등록 및 해시태그 이벤트에 참여한 방문객을 대상으로 T1 및 오디세이 굿즈 등 다양한 상품을 선착순 제공한다."
"<b>삼성전자</b>, e스포츠 메카 부산에서 ‘오디세이 체험존’ 운영",https://www.seoul.co.kr/news/newsView.php?id=20231103500061&wlog_tag3=naver,https://n.news.naver.com/mnews/article/081/0003405599?sid=101,<b>삼성전자</b>가 e스포츠의 ‘메카’ 부산에서 게이밍 모니터 오디세이 제품군을 체험할 수 있는 특별한 공간을 마련한다. <b>삼성전자</b>는 오는 17일까지 롯데백화점 부산 본점에서 ‘2023 리그 오브 레전드(League of Legends)... ,"Fri, 03 Nov 2023 10:30:00 +0900","▲ 방문객들이 롯데백화점 부산 본점에 위치한 ‘오디세이 체험존’에서 삼성전자 게이밍 모니터를 체험하고 있다. 삼성전자 제공

삼성전자가 e스포츠의 ‘메카’ 부산에서 게이밍 모니터 오디세이 제품군을 체험할 수 있는 특별한 공간을 마련한다.삼성전자는 오는 17일까지 롯데백화점 부산 본점에서 ‘2023 리그 오브 레전드(League of Legends) 국제대회’ 토너먼트 스테이지에 맞춰 ‘오디세이 체험존’을 운영한다고 3일 밝혔다.방문객들은 오디세이 체험존에서 ▲ 세계 최초 듀얼 UHD 게이밍 모니터인 57형 ‘오디세이 네오 G9’ ▲ 강력하고 빠른 게임플레이를 지원하는 49형 ‘오디세이 OLED G9’ 등을 체험할 수 있다.삼성전자는 행사기간에 삼성스토어 전 지점에서 ‘오디세이 네오 G9’·‘오디세이 OLED G9’·‘오디세이 아크’ 구매 고객에게 10만원 할인 혜택을 준다. 체험존이 마련되는 롯데백화점 부산 본점 삼성스토어에서는 추가 10만원 할인 혜택을 제공한다.전날 부산에서는 e스포츠계의 월드컵으로 불리는 ‘2023 리그 오브 레전드 월드 챔피언십’(롤드컵) 8강전이 시작됐다.박성국 기자"
"<b>삼성전자</b>, 게이밍 모니터 '오디세이 체험존' 운영",https://www.etnews.com/20231103000015,https://n.news.naver.com/mnews/article/030/0003152506?sid=105,<b>삼성전자</b>가 '2023 리그 오브 레전드 국제대회' 토너먼트 스테이지에 맞춰 '오디세이 체험존'을 롯데백화점 부산 본점에서 오는 17일까지 운영한다. 방문객들은 오디세이 체험존에서 △세계 최초 듀얼 UHD 게이밍... ,"Fri, 03 Nov 2023 08:54:00 +0900","삼성전자가 '2023 리그 오브 레전드 국제대회' 토너먼트 스테이지에 맞춰 '오디세이 체험존'을 롯데백화점 부산 본점에서 오는 17일까지 운영한다.



방문객들은 오디세이 체험존에서 △세계 최초 듀얼 UHD 게이밍 모니터인 57형 '오디세이 네오 G9' △빠른 게임플레이를 지원하는 49형 '오디세이 OLED G9'을 직접 체험해 볼 수 있다.



삼성전자는 행사기간에 삼성스토어 전 지점에서 '오디세이 네오 G9'·'오디세이 OLED G9'·'오디세이 아크' 구매 고객에게 10만원 할인 혜택을 제공하며, 체험존이 위치한 롯데백화점 부산 본점 삼성스토어에서는 추가 10만원 할인 혜택을 제공한다.



이 밖에도 관심 고객 등록 및 해시태그 이벤트에 참여한 방문객을 대상으로 T1 및 오디세이 굿즈 등 다양한 상품을 선착순 제공한다.



조정형 기자 jenie@etnews.com"
외국인·기관 <b>삼성전자</b> 쌍끌이 매수,https://weekly.donga.com/3/all/11/4529404/1,https://n.news.naver.com/mnews/article/037/0000033328?sid=101,지난 주 에코프로 팔았던 개인은 다시 매수 11월 첫째 주(10월 30일~11월 3일) 국내 증시에서 외국인투자자가 기관투자자와 함께 <b>삼성전자</b>를 쌍끌이 매수한 것으로 나타났다. 이로 인해 <b>삼성전자</b> 주가는... ,"Fri, 03 Nov 2023 17:12:00 +0900","삼성전자 평택공장. [삼성전자 제공]

기간: 10월 30일~11월 3일 | 자료: 한국거래소

기간: 10월 30일~11월 3일 | 자료: 한국거래소

기간: 10월 30일~11월 3일 | 자료: 한국거래소

11월 첫째 주(10월 30일~11월 3일) 국내 증시에서 외국인투자자가 기관투자자와 함께 삼성전자를 쌍끌이 매수한 것으로 나타났다. 이로 인해 삼성전자 주가는 11월 2일 장중 한때 7만 원을 탈환했다. 한국 10월 수출액이 13개월 만에 증가세로 전환한 것은 물론, 최근 메모리 반도체 가격이 2년간의 하락을 멈추고 15.38% 반등하는 등 반도체 업황 개선 신호가 뚜렷하게 나타난 결과로 풀이된다. 다만 SK하이닉스에 대해서는 외국인과 기관이 엇갈린 판단을 했다. 외국인은 삼성전자와 SK하이닉스를 함께 담은 반면, 기관은 SK하이닉스에 대한 매도세를 나타냈다.11월 3일 한국거래소에 따르면 10월 30일~11월 3일 외국인이 가장 많이 매수한 종목은 삼성전자(2348억7861만 원)로 집계됐다(오후 3시 45분 기준). 2~4위는 SK하이닉스, 삼성전자우, 아모레퍼시픽, HD현대일렉트릭이었다. 외국인의 순매도 상위 5개 종목은 삼성SDI(1983억8949만 원), LG에너지솔루션(1190억8288만 원) 에코프로(1172억7806만 원), 기아(1017억9674만 원), 현대차(903억2170만 원)이었다.기관투자자의 순매수 1위 종목은 삼성전자(2140억7261만 원)였다. 삼성SDI(1564억1941만 원), NAVER(777억8090만 원), 한화에어로스페이스(544억3498만 원), 엘앤에프(458억1864만 원)가 뒤를 이었다. 기관이 가장 많이 매도한 5개 종목은 셀트리온, SK하이닉스, 호텔신라, 하나금융지주, 파두였다.이번 주 개인은 에코프로를 다시 사들였다. 순매수 상위 5개 종목은 에코프로(1249억4452만 원), 기아(1100억822만 원), LG에너지솔루션(803억667만 원), 현대차(660억5487만 원), 하나금융지주(521억9356만 원)로 나타났다. 개인이 가장 많이 매도한 종목은 삼성전자(4476억6157만 원)였다. SK하이닉스, 셀트리온, 한화에어로스페이스, NAVER가 뒤를 이었다."
"<b>삼성전자</b>, LOL 국제대회 맞춰 '오디세이체험존' 운영",https://it.chosun.com/news/articleView.html?idxno=2023092103666,https://it.chosun.com/news/articleView.html?idxno=2023092103666,<b>삼성전자</b>가 '2023 리그 오브 레전드(League of Legends) 국제대회' 토너먼트 스테이지에 맞춰 '오디세이 체험존'을 롯데백화점 부산 본점에서 17일까지 운영한다. 방문객들은 오디세이 체험존에서 세계 최초 듀얼 UHD... ,"Fri, 03 Nov 2023 09:52:00 +0900","삼성전자가 '2023 리그 오브 레전드(League of Legends) 국제대회' 토너먼트 스테이지에 맞춰 '오디세이 체험존'을 롯데백화점 부산 본점에서 17일까지 운영한다.

방문객들이 롯데백화점 부산 본점에 위치한 '오디세이 체험존'에서 삼성전자 게이밍 모니터를 체험하고 있다. / 삼성전자

방문객들은 오디세이 체험존에서 세계 최초 듀얼 UHD 게이밍 모니터인 57인치 '오디세이 네오 G9'와 강력하고 빠른 게임플레이를 지원하는 49인치 '오디세이 OLED G9'을 직접 체험해 볼 수 있다.

삼성전자는 행사기간에 삼성스토어 전 지점에서 '오디세이 네오 G9'·'오디세이 OLED G9'·'오디세이 아크' 구매 고객에게 10만원 할인 혜택을 제공한다. 체험존이 위치한 롯데백화점 부산 본점 삼성스토어에서는 추가 10만원 할인 혜택을 제공한다.

관심 고객 등록 및 해시태그 이벤트에 참여한 방문객을 대상으로 T1 및 오디세이 굿즈 등 다양한 상품을 선착순 제공한다.

이광영 기자 gwang0e@chosunbiz.com"
"<b>삼성전자</b>, 부산에서 '오디세이 체험존' 운영",http://www.newsis.com/view/?id=NISX20231103_0002507673&cID=13001&pID=13000,https://n.news.naver.com/mnews/article/003/0012186309?sid=101,<b>삼성전자</b>가 오는 17일까지 롯데백화점 부산 본점에서 '2023 리그 오브 레전드(League of Legends) 국제대회' 토너먼트 스테이지에 맞춰 '오디세이 체험존'을 운영한다고 3일 밝혔다. 방문객들은 오디세이 체험존에서... ,"Fri, 03 Nov 2023 08:35:00 +0900","[서울=뉴시스]삼성전자가 오는 17일까지 롯데백화점 부산 본점에서 '2023 리그 오브 레전드(League of Legends) 국제대회' 토너먼트 스테이지에 맞춰 '오디세이 체험존'을 운영한다고 3일 밝혔다.(사진=삼성전자 제공) photo@newsis.com

*재판매 및 DB 금지"
"<b>삼성전자</b>, 부산에서 오디세이 체험존 운영",https://economist.co.kr/article/view/ecn202311030006,https://n.news.naver.com/mnews/article/243/0000052284?sid=101,<b>삼성전자</b>가 2023 리그 오브 레전드(League of Legends) 국제대회 토너먼트 스테이지에 맞춰 오디세이 체험존을 롯데백화점 부산 본점에서 오는 17일까지 운영한다고 밝혔다. 방문객은 오디세이 체험존에서 세계 최초... ,"Fri, 03 Nov 2023 11:00:00 +0900","롯데백화점 부산 본점에 있는 오디세이 체험존 모습. [사진 삼성전자]

[이코노미스트 이창훈 기자] 삼성전자가 2023 리그 오브 레전드(League of Legends) 국제대회 토너먼트 스테이지에 맞춰 오디세이 체험존을 롯데백화점 부산 본점에서 오는 17일까지 운영한다고 밝혔다.방문객은 오디세이 체험존에서 세계 최초 듀얼 UHD 게이밍 모니터인 57형 오디세이 네오 G9을 비롯해 강력하고 빠른 게임플레이를 지원하는 49형 오디세이 OLED G9을 직접 체험해 볼 수 있다.삼성전자는 행사 기간에 삼성스토어 전 지점에서 오디세이 네오 G9, 오디세이 OLED G9, 오디세이 아크 구매 고객에게 10만원 할인 혜택을 제공한다. 체험존이 위치한 롯데백화점 부산 본점 삼성스토어에서는 추가 10만원 할인 혜택을 받을 수 있다.이 밖에도 관심 고객 등록 및 해시태그 이벤트에 참여한 방문객을 대상으로 T1 및 오디세이 굿즈 등 다양한 상품을 선착순으로 제공한다.ⓒ이코노미스트(https://economist.co.kr) '내일을 위한 경제뉴스 이코노미스트' 무단 전재 및 재배포 금지"
"<b>삼성전자</b>, 부산에서 '오디세이 체험존' 운영",https://www.yna.co.kr/view/PYH20231103010400013?input=1196m,https://n.news.naver.com/mnews/article/001/0014306945?sid=105,<b>삼성전자</b>가 '2023 리그 오브 레전드(League of Legends) 국제대회' 토너먼트 스테이지에 맞춰 '오디세이 체험존'을 롯데백화점 부산 본점에서 오는 17일까지 운영한다고 밝혔다. 사진은 오디세이 체험존에서... ,"Fri, 03 Nov 2023 08:08:00 +0900",
"<b>삼성전자</b>, 부산에서 '오디세이 체험존' 운영",https://www.yna.co.kr/view/PYH20231103010200013?input=1196m,https://n.news.naver.com/mnews/article/001/0014306943?sid=105,<b>삼성전자</b>가 '2023 리그 오브 레전드(League of Legends) 국제대회' 토너먼트 스테이지에 맞춰 '오디세이 체험존'을 롯데백화점 부산 본점에서 오는 17일까지 운영한다고 밝혔다. 사진은 오디세이 체험존에서... ,"Fri, 03 Nov 2023 08:08:00 +0900",
"<b>삼성전자</b>, 부산에서 '오디세이 체험존' 운영",https://www.yna.co.kr/view/PYH20231103010300013?input=1196m,https://n.news.naver.com/mnews/article/001/0014306944?sid=105,<b>삼성전자</b>가 '2023 리그 오브 레전드(League of Legends) 국제대회' 토너먼트 스테이지에 맞춰 '오디세이 체험존'을 롯데백화점 부산 본점에서 오는 17일까지 운영한다고 밝혔다. 사진은 오디세이 체험존에서... ,"Fri, 03 Nov 2023 08:08:00 +0900",
"&quot;롤 하러 오세요&quot;…<b>삼성전자</b>, 부산서 '오디세이 체험존' 운영",https://www.hankyung.com/article/202311030065g,https://n.news.naver.com/mnews/article/015/0004909885?sid=101,<b>삼성전자</b>는 3일 '2023 리그 오브 레전드(League of Legends) 국제대회' 토너먼트 스테이지에 맞춰 '오디세이 체험존'을 롯데백화점 부산 본점에서 오는 17일까지 운영한다고 밝혔다. 방문객들은 오디세이 체험존에서... ,"Fri, 03 Nov 2023 09:00:00 +0900","한종희 부회장 ""기술과 품질은 삼성 최우선 가치…미래 성장 이끌 신사업 발굴하자""

한종희 삼성전자 부회장(사진)은 1일 “기술과 품질은 최우선으로 지켜야 하는 본원적 경쟁력”이라고 말했다.한 부회장은 이날 경기 수원 디지털시티에서 열린 삼성전자 창립 54주년 기념식에서 “시대가 변해도 기술 선도는 삼성전자 최고의 가치이며 품질은 양보할 수 없는 핵심 경쟁력”이라며 이같이 말했다. 그는 “기술 우위를 확보하기 위한 투자는 언제나 최우선으로 추진해야 한다”며 “기술 격차를 바탕으로 확보한 재원을 연구개발에 재투자해 성장 기반을 강화하자”고 주문했다.한 부회장은 이어 “지금과 같은 불황기에는 단기적 성과에 집착하기 쉽다”며 “삼성전자에 내재된 도전·혁신 DNA를 발전시킬 기회로 활용해야 한다”고 말했다. 신사업 개척에도 속도를 내야 한다고 강조했다. 한 부회장은 “기존에 잘했던 사업에만 머무르지 말고 미래 성장을 견인할 수 있는 신사업 발굴을 적극 확대해가자”며 “인공지능(AI)과 데이터를 기반으로 운영시스템을 혁신해 경영 전반의 생산성과 효율성을 높이자”고 당부했다.이날 기념식에는 한 부회장을 비롯한 경영진과 임직원 400여 명이 참석했다. 이재용 삼성전자 회장은 예년처럼 참석하지 않았다. 삼성전자는 1969년 1월 13일에 삼성전자공업으로 출범했다. 하지만 1988년 11월 삼성반도체통신을 합병한 이후 창립기념일을 11월 1일로 바꿨다.삼성전자의 지난해 매출은 302조2314억원으로 출범 당시(300만원)의 1억74만3800배로 늘었다. 지난해 말 국내외 임직원 수는 27만372명으로 출범한 첫해 직원 수(36명)에 비해 7510배나 불었다.삼성디스플레이와 삼성전기도 이날 각각 기흥사업장과 수원사업장에서 창립기념식을 열었다. 최주선 삼성디스플레이 사장은 기념사에서 “새로운 영역으로 사업을 확대하고 신기술에 도전하는 것이 우리에게 주어진 과제”라고 말했다. 장덕현 삼성전기 사장도 기념사를 통해 “끊임없는 혁신으로 기술 한계를 극복하고 전자산업 발전에 기여하자”고 당부했다.삼성은 이날부터 2주간 삼성전자를 포함한 전 관계사 임직원이 봉사 활동에 참여하는 ‘나눔위크’ 캠페인을 연다.김익환 기자 lovepen@hankyung.com"
"&quot;롤 하러 가볼까&quot;…<b>삼성전자</b>, 롯데백화점 부산서 '오디세이 체험존'",http://news.mt.co.kr/mtview.php?no=2023110309225823125,https://n.news.naver.com/mnews/article/008/0004957280?sid=101,'2023 리그 오브 레전드 국제대회' 토너먼트 스테이지에 맞춰 <b>삼성전자</b>가 오는 17일까지 롯데백화점 부산 본점에서 '오디세이 체험존'을 운영한다. 방문객들은 오디세이 체험존에서 △세계 최초 듀얼 UHD 게이밍... ,"Fri, 03 Nov 2023 10:14:00 +0900","방문객들이 롯데백화점 부산 본점에 위치한 '오디세이 체험존'에서 삼성전자 게이밍 모니터를 체험하고 있다./사진제공=삼성전자 '2023 리그 오브 레전드 국제대회' 토너먼트 스테이지에 맞춰 (69,600원 ▼100 -0.14%) 가 오는 17일까지 롯데백화점 부산 본점에서 '오디세이 체험존'을 운영한다.



방문객들은 오디세이 체험존에서 △세계 최초 듀얼 UHD 게이밍 모니터인 57형 '오디세이 네오 G9' △강력하고 빠른 게임플레이를 지원하는 49형 '오디세이 OLED G9'을 직접 체험해 볼 수 있다.



삼성전자는 행사기간에 삼성스토어 전 지점에서 '오디세이 네오 G9'·'오디세이 OLED G9'·'오디세이 아크' 구매 고객에게 10만원 할인 혜택을 제공한다. 체험존이 위치한 롯데백화점 부산 본점 삼성스토어에서는 추가 10만원 할인 혜택을 받을 수 있다.



이 밖에도 관심 고객 등록 및 해시태그 이벤트에 참여한 방문객을 대상으로 T1 및 오디세이 굿즈 등 다양한 상품을 선착순 증정할 계획이다.



방문객들이 롯데백화점 부산 본점에 위치한 '오디세이 체험존'에서 삼성전자 게이밍 모니터를 체험하고 있다./사진제공=삼성전자 '2023 리그 오브 레전드 국제대회' 토너먼트 스테이지에 맞춰 삼성전자 가 오는 17일까지 롯데백화점 부산 본점에서 '오디세이 체험존'을 운영한다.방문객들은 오디세이 체험존에서 △세계 최초 듀얼 UHD 게이밍 모니터인 57형 '오디세이 네오 G9' △강력하고 빠른 게임플레이를 지원하는 49형 '오디세이 OLED G9'을 직접 체험해 볼 수 있다.삼성전자는 행사기간에 삼성스토어 전 지점에서 '오디세이 네오 G9'·'오디세이 OLED G9'·'오디세이 아크' 구매 고객에게 10만원 할인 혜택을 제공한다. 체험존이 위치한 롯데백화점 부산 본점 삼성스토어에서는 추가 10만원 할인 혜택을 받을 수 있다.이 밖에도 관심 고객 등록 및 해시태그 이벤트에 참여한 방문객을 대상으로 T1 및 오디세이 굿즈 등 다양한 상품을 선착순 증정할 계획이다.





<저작권자 © ‘돈이 보이는 리얼타임 뉴스’ 머니투데이, 무단전재 및 재배포 금지> 공감 0%

비공감 0%"
"<b>삼성전자</b>, 부산서 '오디세이 체험존' 운영",https://www.siminilbo.co.kr/news/newsview.php?ncode=1160296858343118,https://www.siminilbo.co.kr/news/newsview.php?ncode=1160296858343118,▲ 방문객들이 롯데백화점 부산 본점에 위치한 '오디세이 체험존'에서 <b>삼성전자</b> 게이밍 모니터를 체험하고 있다.(사진=<b>삼성전자</b> 제공)  <b>삼성전자</b>는 '2023 리그 오브 레전드(League of Legends) 국제대회' 토너먼트... ,"Fri, 03 Nov 2023 17:44:00 +0900","▲ 방문객들이 롯데백화점 부산 본점에 위치한 '오디세이 체험존'에서 삼성전자 게이밍 모니터를 체험하고 있다.(사진=삼성전자 제공)

[시민일보 = 여영준 기자] 삼성전자는 '2023 리그 오브 레전드(League of Legends) 국제대회' 토너먼트 스테이지에 맞춰 '오디세이 체험존'을 롯데백화점 부산 본점에서 오는 17일까지 운영한다고 3일 밝혔다.



삼성전자에 따르면 방문객들은 오디세이 체험존에서 ▲세계 최초 듀얼 UHD 게이밍 모니터인 57형 '오디세이 네오 G9' ▲강력하고 빠른 게임플레이를 지원하는 49형 '오디세이 OLED G9'을 직접 체험해 볼 수 있다.



삼성전자는 행사기간에 삼성스토어 전 지점에서 '오디세이 네오 G9'·'오디세이 OLED G9'·'오디세이 아크' 구매 고객에게 10만원 할인 혜택을 제공하며, 체험존이 위치한 롯데백화점 부산 본점 삼성스토어에서는 추가 10만원 할인 혜택을 제공한다.



이 밖에도 관심 고객 등록 및 해시태그 이벤트에 참여한 방문객을 대상으로 T1 및 오디세이 굿즈 등 다양한 상품을 선착순 제공한다.

[저작권자ⓒ 시민일보. 무단전재-재배포 금지]"
"<b>삼성전자</b>, 부산서 '오디세이 체험존' 운영",https://www.kgnews.co.kr/news/article.html?no=768986,https://www.kgnews.co.kr/news/article.html?no=768986,<b>삼성전자</b>가 '오디세이 네오 G9'과 '오디세이 OLED G9'의 체험기회를 제공한다. <b>삼성전자</b>가 '2023 리그 오브 레전드(League of Legends) 국제대회' 토너먼트 스테이지에 맞춰 '오디세이 체험존'을 롯데백화점 부산 본점에서... ,"Fri, 03 Nov 2023 11:24:00 +0900","삼성전자가 '오디세이 네오 G9'과 '오디세이 OLED G9'의 체험기회를 제공한다.

삼성전자가 '2023 리그 오브 레전드(League of Legends) 국제대회' 토너먼트 스테이지에 맞춰 '오디세이 체험존'을 롯데백화점 부산 본점에서 오는 17일까지 운영한다고 3일 밝혔다.

방문객들은 오디세이 체험존에서 ▲세계 최초 듀얼 UHD 게이밍 모니터인 57형 오디세이 네오 G9 ▲강력하고 빠른 게임플레이를 지원하는 49형 오디세이 OLED G9을 직접 체험해 볼 수 있다.

삼성전자는 행사기간에 삼성스토어 전 지점에서 오디세이 네오 G9·오디세이 OLED G9·오디세이 아크 구매 고객에게 할인 혜택을 제공하며, 체험존이 위치한 롯데백화점 부산 본점 삼성스토어에서도 추가 할인 혜택을 제공한다.



[ 경기신문 = 오다경 기자 ]"
"<b>삼성전자</b>, '롤드컵' 열리는 부산에 '오디세이 체험존' 연다",https://www.news1.kr/articles/5219808,https://n.news.naver.com/mnews/article/421/0007151716?sid=101,<b>삼성전자</b>는 '2023 리그 오브 레전드(League of Legends) 국제대회' 토너먼트 스테이지가 시작된 2일부터 오는 17일까지 롯데백화점 부산 본점에서 '오디세이 체험존'을 운영한다고 3일 밝혔다. 방문객들은 듀얼 UHD... ,"Fri, 03 Nov 2023 08:53:00 +0900","삼성전자가 롯데백화점 부산 본점에 위치한 '오디세이 체험존'을 꾸렸다. (삼성전자 제공)

삼성전자는 '2023 리그 오브 레전드(League of Legends) 국제대회' 토너먼트 스테이지가 시작된 2일부터 오는 17일까지 롯데백화점 부산 본점에서 '오디세이 체험존'을 운영한다고 3일 밝혔다.방문객들은 듀얼 UHD 게이밍 모니터인 57형 '오디세이 네오 G9', 49형 '오디세이 OLED G9'을 직접 체험해 볼 수 있다. 또 리그 오브 레전드(LoL) 프로게이머 페이커가 속한 e스포츠팀 T1 및 오디세이 굿즈 등 다양한 상품을 선착순으로 받을 수 있다.삼성전자(005930)는 행사 기간 삼성스토어 전 지점에서 △오디세이 네오 G9 △오디세이 OLED G9 △오디세이 아크 구매 고객에게 10만원 할인 혜택도 제공한다. 특히 체험존이 있는 롯데백화점 부산 본점 삼성스토어에서는 추가 10만원 할인 혜택을 지원한다.burning@news1.kr"
"<b>삼성</b>·LG<b>전자</b>, 주력사업 부진 속 전장 실적은 '역대급'",http://www.newsis.com/view/?id=NISX20231103_0002507979&cID=13001&pID=13000,https://n.news.naver.com/mnews/article/003/0012186676?sid=101,"<b>삼성전자</b>와 LG<b>전자</b>가 글로별 경기침체로 인해 혹독한 실적 한파를 겪고 있지만, 전장(자동차 전기부품) 사업이 불황기 실적 버팀목으로 급격하게 부상하고 있다. <b>삼성전자</b>의 전장 자회사는 지난 3분기 사상 최대... ","Fri, 03 Nov 2023 10:58:00 +0900",[뮌헨=뉴시스]LG전자는 독일 뮌헨에서 열리는 'IAA 모빌리티 2023' 개막에 앞서 4일(현지시간) 글로벌 미디어 및 거래선 약 1000명이 참석한 가운데 프레스 콘퍼런스를 개최했다. 조주완 사장이 LG전자 전장 사업의 미래 비전을 설명하고 있다. (사진 = LG전자) photo@newsis.com *재판매 및 DB 금지
"<b>삼성전자</b>, 부산서 '오디세이 체험존' 운영",https://www.dailian.co.kr/news/view/1290916/?sc=Naver,https://n.news.naver.com/mnews/article/119/0002765300?sid=101,<b>삼성전자</b>는 '2023 리그 오브 레전드(League of Legends) 국제대회' 토너먼트 스테이지에 맞춰 '오디세이 체험존'을 롯데백화점 부산 본점에서 오는 17일까지 운영한다고 3일 밝혔다. 방문객들은 오디세이 체험존에서... ,"Fri, 03 Nov 2023 08:11:00 +0900","방문객들이 롯데백화점 부산 본점에 위치한 '오디세이 체험존'에서 삼성전자 게이밍 모니터를 체험하고 있다.ⓒ삼성전자

삼성전자는 '2023 리그 오브 레전드(League of Legends) 국제대회' 토너먼트 스테이지에 맞춰 '오디세이 체험존'을 롯데백화점 부산 본점에서 오는 17일까지 운영한다고 3일 밝혔다.





방문객들은 오디세이 체험존에서 ▲세계 최초 듀얼 UHD 게이밍 모니터인 57형 '오디세이 네오 G9' ▲강력하고 빠른 게임플레이를 지원하는 49형 '오디세이 OLED G9'을 직접 체험해 볼 수 있다.





삼성전자는 행사기간에 삼성스토어 전 지점에서 '오디세이 네오 G9'·'오디세이 OLED G9'·'오디세이 아크' 구매 고객에게 10만원 할인 혜택을 제공하며, 체험존이 위치한 롯데백화점 부산 본점 삼성스토어에서는 추가 10만원 할인 혜택을 제공한다.





이 밖에도 관심 고객 등록 및 해시태그 이벤트에 참여한 방문객을 대상으로 T1 및 오디세이 굿즈 등 다양한 상품을 선착순 제공한다."
"<b>삼성전자</b>, LoL팬 타깃 세계 첫 듀얼 게이밍모니터 체험존 운영",http://news.heraldcorp.com/view.php?ud=20231103000191,https://n.news.naver.com/mnews/article/016/0002219540?sid=101,<b>삼성전자</b>가 ‘2023 리그 오브 레전드 국제대회’ 토너먼트 스테이지에 맞춰 ‘오디세이 체험존’을 롯데백화점 부산 본점에서 오는 17일까지 운영한다. 방문객들은 오디세이 체험존에서 ▷세계 최초 듀얼 UHD 게이밍... ,"Fri, 03 Nov 2023 10:12:00 +0900","롯데백화점 부산 본점서 ‘오디세이 체험존’



방문객들이 롯데백화점 부산 본점에 위치한 ‘오디세이 체험존’에서 삼성전자 게이밍 모니터를 체험하고 있다. [삼성전자 제공]

[헤럴드경제=김지헌 기자] 삼성전자가 ‘2023 리그 오브 레전드 국제대회’ 토너먼트 스테이지에 맞춰 ‘오디세이 체험존’을 롯데백화점 부산 본점에서 오는 17일까지 운영한다.

방문객들은 오디세이 체험존에서 ▷세계 최초 듀얼 UHD 게이밍 모니터인 57인치 ‘오디세이 네오 G9’ ▷강력하고 빠른 게임플레이를 지원하는 49인치 ‘오디세이 OLED G9’을 직접 체험해 볼 수 있다.

삼성전자는 행사기간에 삼성스토어 전 지점에서 ‘오디세이 네오 G9’·‘오디세이 OLED G9’·‘오디세이 아크’ 구매 고객에게 10만원 할인 혜택을 제공하며, 체험존이 위치한 롯데백화점 부산 본점 삼성스토어에서는 추가 10만원 할인 혜택을 제공한다. 이 밖에도 관심 고객 등록 및 해시태그 이벤트에 참여한 방문객을 대상으로 T1 및 오디세이 굿즈 등 다양한 상품을 선착순 제공한다.

raw@heraldcorp.com"
"기재부 3급 출신, <b>삼성전자</b> 부사장으로 이직…취업가능 통보",http://www.newsis.com/view/?id=NISX20231102_0002506306&cID=10301&pID=10300,https://n.news.naver.com/mnews/article/003/0012184442?sid=100,"기획재정부 간부 출신은 <b>삼성전자</b>㈜ 부사장으로, 검찰청 일반직 고위공무원 출신은 한국석유공사 상임감사위원으로 각각 취업할 수 있게 됐다. 반면 경찰청 소속 경감 6명은 법무법인 YK로 옮기려다 모두 불발됐다.... ","Thu, 02 Nov 2023 12:01:00 +0900","소설가 윤고은 ""주인공 작품 불태우는 나는 '못된 작가'""[신재우의 작가만세]"
"<b>삼성전자</b>, LOL 국제대회 맞춰 부산 '오디세이체험존' 운영",https://view.asiae.co.kr/article/2023110308110851696,https://n.news.naver.com/mnews/article/277/0005335468?sid=101,<b>삼성전자</b>가 2023 리그 오브 레전드(League of Legends) 국제대회 토너먼트 스테이지에 맞춰 '오디세이 체험존'을 롯데백화점 부산 본점에서 오는 17일까지 운영한다고 3일 밝혔다. 방문객들은 세계 최초 듀얼 UHD... ,"Fri, 03 Nov 2023 08:11:00 +0900","행사기간 오디세이 구매시 10만원 할인

롯데백화점 부산본점서 사면 10만원 추가인하

삼성전자가 2023 리그 오브 레전드(League of Legends) 국제대회 토너먼트 스테이지에 맞춰 '오디세이 체험존'을 롯데백화점 부산 본점에서 오는 17일까지 운영한다고 3일 밝혔다.

방문객들은 세계 최초 듀얼 UHD 게이밍 모니터인 57형 '오디세이 네오 G9', 강력하고 빠른 게임플레이를 지원하는 49형 '오디세이 OLED G9'을 체험할 수 있다.

방문객들이 롯데백화점 부산 본점에 위치한 '오디세이 체험존'에서 삼성전자 게이밍 모니터를 체험하고 있다.[사진제공=삼성전자] AD 원본보기 아이콘

행사기간 삼성스토어 전 지점에서 네오 G9·OLED G9·오디세이 아크 구매 고객에게 10만원 할인 혜택을 제공한다. 체험존이 있는 롯데백화점 부산 본점 삼성스토어에서는 10만원 더 깎아준다.

관심 고객 등록 및 해시태그 이벤트에 참여한 방문객에게는 T1 및 오디세이 굿즈 등 다양한 상품을 선착순 제공한다.





문채석 기자 chaeso@asiae.co.kr



AD



<ⓒ투자가를 위한 경제콘텐츠 플랫폼, 아시아경제(www.asiae.co.kr) 무단전재 배포금지>"
"&quot;LOL 팬 모여라&quot;…<b>삼성전자</b>, 부산서 '오디세이 체험존' 운영",http://www.inews24.com/view/1649726,https://n.news.naver.com/mnews/article/031/0000784740?sid=101,<b>삼성전자</b>가 오는 17일까지 '2023 리그 오브 레전드(LOL) 국제대회' 토너먼트 스테이지에 맞춰 '오디세이 체험존'을 롯데백화점 부산 본점에서 운영한다고 3일 밝혔다. 방문객들은 '오디세이 체험존'에서 △세계 최초... ,"Fri, 03 Nov 2023 09:05:00 +0900","[아이뉴스24 권용삼 기자] 삼성전자가 오는 17일까지 '2023 리그 오브 레전드(LOL) 국제대회' 토너먼트 스테이지에 맞춰 '오디세이 체험존'을 롯데백화점 부산 본점에서 운영한다고 3일 밝혔다.

방문객들이 롯데백화점 부산 본점에 마련된 '오디세이 체험존'에서 삼성전자 게이밍 모니터를 체험하고 있다. [사진=삼성전자]

방문객들은 '오디세이 체험존'에서 △세계 최초 듀얼 UHD 게이밍 모니터인 57인치 '오디세이 네오 G9' △강력하고 빠른 게임플레이를 지원하는 49인치 '오디세이 유기발광다이오드(OLED) G9'을 직접 체험해 볼 수 있다.

아울러 삼성전자는 이번 행사 기간 삼성스토어 전 지점에서 '오디세이 네오 G9'·'오디세이 OLED G9'·'오디세이 아크' 구매 고객을 대상으로 10만원 할인 혜택을 제공하며, 체험존이 위치한 롯데백화점 부산 본점 삼성스토어에서는 추가 10만원 할인 혜택을 제공한다.

이 밖에 관심 고객 등록, 해시태그 이벤트에 참여한 방문객을 대상으로 'T1 및 오디세이 굿즈 '등 다양한 상품을 선착순 제공한다."
"<b>삼성전자</b>, LoL 국제대회 맞춰 '오디세이 체험존' 운영",https://zdnet.co.kr/view/?no=20231103081958,https://n.news.naver.com/mnews/article/092/0002310126?sid=105,<b>삼성전자</b>가 '2023 리그 오브 레전드 국제대회' 토너먼트 스테이지에 맞춰 '오디세이 체험존'을 롯데백화점 부산 본점에서 오는 17일까지 운영한다고 3일 전했다. 방문객들은 오디세이 체험존에서 ▲세계 최초 듀얼 UHD... ,"Fri, 03 Nov 2023 08:21:00 +0900",
"<b>삼성전자</b>, 부산서 '오디세이 체험존' 운영",https://www.newscj.com/news/articleView.html?idxno=3078551,https://www.newscj.com/news/articleView.html?idxno=3078551,<b>삼성전자</b>가 '2023 리그 오브 레전드(League of Legends) 국제대회' 토너먼트 스테이지에 맞춰 '오디세이 체험존'을 롯데백화점 부산 본점에서 오는 17일까지 운영한다고 3일 밝혔다. 방문객들은 오디세이 체험존에서... ,"Fri, 03 Nov 2023 10:44:00 +0900","방문객들이 롯데백화점 부산 본점에 위치한 ‘오디세이 체험존’에서 삼성전자 게이밍 모니터를 체험하고 있다. (제공: 삼성전자) ⓒ천지일보 2023.11.03.

[천지일보=김정필 기자] 삼성전자가 ‘2023 리그 오브 레전드(League of Legends) 국제대회’ 토너먼트 스테이지에 맞춰 ‘오디세이 체험존’을 롯데백화점 부산 본점에서 오는 17일까지 운영한다고 3일 밝혔다.

방문객들은 오디세이 체험존에서 세계 최초 듀얼 UHD 게이밍 모니터인 57형 ‘오디세이 네오 G9’, 강력하고 빠른 게임플레이를 지원하는 49형 ‘오디세이 OLED G9’을 직접 체험해 볼 수 있다.

삼성전자는 행사기간에 삼성스토어 전 지점에서 ‘오디세이 네오 G9’ ‘오디세이 OLED G9’ ‘오디세이 아크’ 구매 고객에게 10만원 할인 혜택을 제공하며, 체험존이 위치한 롯데백화점 부산 본점 삼성스토어에서는 추가 10만원 할인 혜택을 제공한다.

이밖에 관심 고객 등록 및 해시태그 이벤트에 참여한 방문객을 대상으로 T1 및 오디세이 굿즈 등 다양한 상품을 선착순 제공한다."
"<b>삼성전자</b>, 부산에서 '오디세이 체험존' 운영",https://www.news1.kr/photos/view/?6304571,https://n.news.naver.com/mnews/article/421/0007151763?sid=101,= <b>삼성전자</b>는 '2023 리그 오브 레전드(League of Legends) 국제대회' 토너먼트 스테이지가 시작된 지난 2일부터 오는 17일까지 롯데백화점 부산 본점에서 '오디세이 체험존'을 운영한다고 3일 밝혔다. 방문객들은... ,"Fri, 03 Nov 2023 09:10:00 +0900","(서울=뉴스1) = 삼성전자는 '2023 리그 오브 레전드(League of Legends) 국제대회' 토너먼트 스테이지가 시작된 지난 2일부터 오는 17일까지 롯데백화점 부산 본점에서 '오디세이 체험존'을 운영한다고 3일 밝혔다. 방문객들은 듀얼 UHD 게이밍 모니터인 57형 '오디세이 네오 G9', 49형 '오디세이 OLED G9'을 직접 체험해 볼 수 있다. 또 리그 오브 레전드(LoL) 프로게이머 페이커가 속한 e스포츠팀 T1 및 오디세이 굿즈 등 다양한 상품을 선착순으로 받을 수 있다. (삼성전자 제공) 2023.11.3/뉴스1 photo@news1.kr"
"<b>삼성전자</b>, 파리 샤를드골 국제공항에서 부산엑스포 알린다",https://www.yna.co.kr/view/AKR20231102030400003?input=1195m,https://n.news.naver.com/mnews/article/001/0014304119?sid=101,<b>삼성전자</b>가 국제박람회기구(BIE) 총회가 열릴 프랑스 파리에서 '2030 부산세계박람회(엑스포)' 유치를 지원한다. <b>삼성전자</b>는 최근 파리 샤를드골 국제공항 2E 터미널 입국장에서 14개의 광고판을 통해 부산엑스포를... ,"Thu, 02 Nov 2023 08:35:00 +0900",
"&quot;HBM 주문 밀려온다&quot;…<b>삼성전자</b>, 천안에 첨단 패키징 라인 확대",https://www.news1.kr/articles/5220090,https://n.news.naver.com/mnews/article/421/0007152131?sid=101,<b>삼성전자</b>가 HBM(고대역폭메모리) 생산 확대에 본격 착수했다. 천안에 경쟁력 강화를 위한 패키징 시설 투자에 나선다. 3일 금융감독원 <b>전자</b>공시시스템에 따르면 <b>삼성전자</b>(005930)는 <b>삼성</b>디스플레이가 가지고 있는... ,"Fri, 03 Nov 2023 11:20:00 +0900","이재용 삼성전자 회장이 충남 삼성전자 천안캠퍼스를 찾아 패키지 라인을 둘러보고 사업전략을 점검하고 있다. (삼성전자 제공) 2023.2.17/뉴스1

HBM-PIM. (삼성전자 제공) /뉴스1

삼성전자가 HBM(고대역폭메모리) 생산 확대에 본격 착수했다. 천안에 경쟁력 강화를 위한 패키징 시설 투자에 나선다.3일 금융감독원 전자공시시스템에 따르면 삼성전자(005930)는 삼성디스플레이가 가지고 있는 천안사업장 건물과 기계장치 등을 105억원에 넘겨받기로 했다.이번 양수 계약은 천안사업장 내 생산 부속시설 건설을 위한 부지 확보를 위해 이뤄졌다. 특히 디스플레이 클린룸을 이용할 수 있다는 점이 부각됐다.삼성전자는 천안사업장에 HBM 양산을 위한 패키징 라인을 신설할 계획이다. 추가 투자 금액은 7000억~1조원 사이로 추정된다.앞서 삼성전자는 HBM의 내년 생산능력을 올해보다 2.5배 늘리겠다고 선언한 바 있다. 김재준 부사장은 3분기 컨퍼런스콜에서 ""생성형 AI 수요가 급증하는 가운데 HBM3(4세대)와 HBM3E(5세대) 생산을 확대하고 있다""며 ""내년 HBM 공급 역량은 올해 대비 2.5배 이상 확보할 계획""이라고 강조했다.천안사업장 투자를 시작으로 삼성전자 HBM의 본격적인 생산 확대가 이뤄질 전망이다. HBM을 주문한 고객사에 첨단 패키지 기술, 파운드리까지 결합된 맞춤형 턴키(일괄 생산) 서비스를 제공하는 것이 목표다.삼성전자가 HBM에 공을 들이는 것은 메모리 침체 상황에서도 HBM 주문은 밀려들고 있기 때문이다. 챗GPT를 시작으로 구글, 메타, 아마존 등 기업들이 AI 시장에 뛰어들면서 HBM 수요가 늘었다.HBM은 그래픽처리장치(GPU)와 같은 AI가속기 칩셋 내에 포함돼 있는데, 대량의 데이터를 동시에 병렬 연산 처리해야 하는 AI연산에서 HBM의 고대역폭 특성이 중요하다.HBM을 많이 붙일수록 GPU 성능은 높아진다. 앞서 리사 수(Lisa Su) AMD 대표이사(CEO)는 실적발표 콘퍼런스콜에서 ""메모리가 더 많을수록 더 적은 수의 GPU를 사용해 거대언어모델(LLM) 추론이 가능해 총소유비용(TCO) 측면에서 매우 유리하다""며 HBM의 중요성을 강조했다.실제 AMD의 GPU인 'MI300'은 엔비디아 'H100'보다 HBM을 약 2배 더 많이 탑재한 것으로 알려졌다. 엔비디아도 차세대 제품에 HBM을 추가 탑재할 것으로 보인다.여기에 브로드컴(Broadcom)과 인텔 등도 GPU 개발 추진에 나서면서 HBM은 한동안 품귀현상을 보일 전망이다. 시장조사업체 옴디아에 따르면 HBM 시장은 향후 5년간 연평균 최소 40% 성장할 것으로 내다봤다.업계 관계자는 ""HBM 시장의 성장은 이제 시작 단계""라며 ""앞으로 수요가 더 커질 것이기 때문에 삼성전자가 미리 투자에 나선 것""이라고 말했다.keon@news1.kr"
"[비즈투데이] <b>삼성전자</b>, 부산서 '오디세이 체험존' 운영",https://www.obsnews.co.kr/news/articleView.html?idxno=1419516,https://www.obsnews.co.kr/news/articleView.html?idxno=1419516,"<b>삼성전자</b>는 오는 17일까지 롯데백화점 부산 본점에서 '오디세이 체험존'을 운영한다고 밝혔습니다. 이번 체험존은 '2023 리그 오브 레전드 국제대회' 토너먼트 스테이지에 맞춰 마련한 것으로, 방문객들은 세계 최초... ","Fri, 03 Nov 2023 16:34:00 +0900","삼성전자는 오는 17일까지 롯데백화점 부산 본점에서 '오디세이 체험존'을 운영한다고 밝혔습니다.



이번 체험존은 '2023 리그 오브 레전드 국제대회' 토너먼트 스테이지에 맞춰 마련한 것으로,



방문객들은 세계 최초 듀얼 UHD 게이밍 모니터인 57형 '오디세이 네오 G9', 강력하고 빠른 게임플레이를 지원하는 49형 '오디세이 OLED G9'을 직접 체험해 볼 수 있습니다.



삼성전자는 행사기간 삼성스토어 전 지점에서 두 제품과 '오디세이 아크' 구매 고객에게 10만 원 할인 혜택을 제공한다고 전했습니다."
"<b>삼성전자</b>, 부산에서 '오디세이 체험존' 운영",http://www.biztribune.co.kr/news/articleView.html?idxno=295765,http://www.biztribune.co.kr/news/articleView.html?idxno=295765,방문객들이 롯데백화점 부산 본점에 위치한 '오디세이 체험존'에서 삼성전자 게이밍 모니터를 체험하고 있다ㅣ<b>삼성전자 삼성전자</b>가 '2023 리그 오브 레전드(League of Legends) 국제대회' 토너먼트 스테이지에 맞춰... ,"Fri, 03 Nov 2023 22:08:00 +0900","방문객들이 롯데백화점 부산 본점에 위치한 '오디세이 체험존'에서 삼성전자 게이밍 모니터를 체험하고 있다ㅣ삼성전자

삼성전자가 '2023 리그 오브 레전드(League of Legends) 국제대회' 토너먼트 스테이지에 맞춰 '오디세이 체험존'을 롯데백화점 부산 본점에서 오는 17일까지 운영한다.

방문객들은 오디세이 체험존에서 ▲세계 최초 듀얼 UHD 게이밍 모니터인 57형 '오디세이 네오 G9' ▲강력하고 빠른 게임플레이를 지원하는 49형 '오디세이 OLED G9'을 직접 체험해 볼 수 있다.

삼성전자는 행사기간에 삼성스토어 전 지점에서 '오디세이 네오 G9'·'오디세이 OLED G9'·'오디세이 아크' 구매 고객에게 10만원 할인 혜택을 제공하며, 체험존이 위치한 롯데백화점 부산 본점 삼성스토어에서는 추가 10만원 할인 혜택을 제공한다.

이 밖에도 관심 고객 등록 및 해시태그 이벤트에 참여한 방문객을 대상으로 T1 및 오디세이 굿즈 등 다양한 상품을 선착순 제공한다.

저작권자 © 비즈트리뷴 무단전재 및 재배포 금지"
"<b>삼성전자</b>, 롤 대회 맞아 '오디세이 체험존' 운영",https://www.asiatoday.co.kr/view.php?key=20231103010001886,https://www.asiatoday.co.kr/view.php?key=20231103010001886,오는 17일까지 롯데백화점 부산 본점서 2023 리그 오브 레전드 국제대회 맞춰 오디세이 네오 G9· OLED G9 등 체험 <b>삼성전자</b>가 '2023 리그 오브 레전드 국제대회' 토너먼트 스테이지에 맞춰 '오디세이 체험존'을... ,"Fri, 03 Nov 2023 08:52:00 +0900","오는 17일까지 롯데백화점 부산 본점서

2023 리그 오브 레전드 국제대회 맞춰

오디세이 네오 G9· OLED G9 등 체험

삼성전자 부산 오디세이 체험존 (1) 0 방문객들이 롯데백화점 부산 본점에 위치한 '오디세이 체험존'에서 삼성전자 게이밍 모니터를 체험하고 있다. /삼성전자

삼성전자 부산 오디세이 체험존 (4) 0 방문객들이 롯데백화점 부산 본점에 위치한 '오디세이 체험존'에서 삼성전자 게이밍 모니터를 체험하고 있다./ 삼성전자

삼성전자 부산 오디세이 체험존 (3) 0 방문객들이 롯데백화점 부산 본점에 위치한 '오디세이 체험존'에서 삼성전자 게이밍 모니터를 체험하고 있다./ 삼성전자

삼성전자가 '2023 리그 오브 레전드 국제대회' 토너먼트 스테이지에 맞춰 '오디세이 체험존'을 롯데백화점 부산 본점에서 오는 17일까지 운영한다.3일 삼성전자에 따르면 이번 체험존을 방문하는 고객들은 '57형 오디세이 네오 G9'와 '49형 오디세이 OLED(유기발광다이오드) G9'을 직접 체험해 볼 수 있다.삼성전자는 행사기간에 삼성스토어 전 지점에서 '오디세이 네오 G9' '오디세이 OLED G9' '오디세이 아크' 구매 고객에게 10만원 할인 혜택을 제공한다. 체험존이 위치한 롯데백화점 부산 본점 삼성스토어에서는 추가 10만원 할인 혜택을 준다.이 밖에도 관심 고객 등록 및 해시태그 이벤트에 참여한 방문객을 대상으로 T1 및 오디세이 굿즈 등 다양한 상품을 선착순 제공한다."
창업하니 160억원 투자금…“<b>삼성전자</b>·SK하이닉스 보다 앞서 최신 CXL 적용”...,https://www.donga.com/news/It/article/all/20231103/122014980/1,https://n.news.naver.com/mnews/article/020/0003529249?sid=105,"구글, 메타 등 초대형 클라우드 운영 기업과 주요 칩메이커인 인텔, AMD를 비롯해 메모리 제조업체인 <b>삼성전자</b>와 SK하이닉스도 참여하고 있다. CXL 기술을 활용하면 처리하는 데이터의 양에 맞춰 메모리 용량을 거의... ","Sat, 04 Nov 2023 01:43:00 +0900","정명수 파네시아 대표(KAIST 전자공학부 교수)가 지난달 말 대전 KAIST 연구실에서 파네시아가 세계 최초로 개발한 CXL 기반 IP를 적용해 만든 메모리 장치를 들고 관련 기술을 설명하고 있다. 대전=송은석 기자 silverstone@donga.com

● 세계 최초의 CXL 기술들 선보여 와

파네시아가 CXL 3.0 기술을 활용해 만든 IP가 적용된 대용량 메모리풀 시스템. 메모리를 CPU 추가 없이 사실상 무제한으로 추가할 수 있다. 파네시아 제공

● KAIST 교원 창업





●“ARM 넘어서는 세계적인 CXL반도체 IP사가 목표”

컴퓨터 구조에 적지 않은 변화가 진행되고 있다. 컴퓨터는 중앙처리장치(CPU·프로세서)와 메모리가 일대일로 연결된 것이 기본 구조다. 게임처럼 그래픽 관련 데이터가 많아지면서 이를 전담하는 그래픽처리장치(GPU) 같은 프로세서가 나왔다. 최근 들어서는 인공지능(AI)이 빅데이터를 다루면서 AI 가속기라는 프로세서가 덧붙여지고 있다. 문제는 이렇게 프로세서의 형태가 다양화되고 그 수가 늘어나면서 각 프로세서가 메모리의 데이터를 읽고 쓸 때 병목 현상이 생길 공산이 커졌다는 것이다.AI와 빅데이터의 시대가 되면서 프로세서와 메모리, 그리고 시스템 내 다른 장치 간에 더 효율적인 통신 방식이 필요해졌다. 2019년 인텔이 컴퓨트 익스프레스 링크(CXL·Compute eXpress Link) 인터페이스 기술을 새로 제안한 배경이다. CXL은 메모리를 중심으로 여러 프로세서와 스위치 등 다양한 장치를 빠르게 연결해 여러 장치가 충돌 없이 원활하게 작동할 수 있도록 하는 통신 규약이다. 기존에는 컴퓨터가 프로세서 중심으로 메모리가 블록으로 한데 묶인 방식이었는데, 지금은 대용량의 메모리를 중심으로 여러 다양한 프로세서들이 자유롭게 메모리를 쓸 수 있도록 하는 형태로 컴퓨팅의 기본적인 구조가 바뀌는 셈이다.CXL 규약은 CXL컨소시엄이 발전시키고 가다듬고 있다. 구글, 메타 등 초대형 클라우드 운영 기업과 주요 칩메이커인 인텔, AMD를 비롯해 메모리 제조업체인 삼성전자와 SK하이닉스도 참여하고 있다. CXL 기술을 활용하면 처리하는 데이터의 양에 맞춰 메모리 용량을 거의 무한히 확장할 수 있고, AI 구동에 필수적인 병렬 컴퓨팅에도 유리하다.KAIST 정명수 전기 및 전자공학부 교수(44)가 지난해 8월 창업한 파네시아는 CXL 기반 반도체 설계자산(IP)과 CXL 솔루션을 만드는 스타트업이다. 미국에서 반도체 설계를 공부한 정 교수는 CXL의 핵심 기반기술이 되는 메모리 확장 및 캐시 일관성에 대한 연구들을 첫 CXL 규약 발표 4년 전인 2015년부터 연구했다. 최신 CXL 3.0 규약을 기반으로 한 컴퓨팅 솔루션을 올해 여름, 세계에서 가장 먼저 개발했다. 현재까지도 해당 솔루션을 보유한 유일한 기업이다.9월 말 대전 KAIST 연구실에서 만난 정명수 파네시아 대표이사는 “많은 기업이 CXL에 관심을 보이고 있지만 이를 제대로 적용한 하드웨어와 소프트웨어를 개발한 곳은 없다”며 “우리 사업의 목표는 CXL을 잘 활용할 수 있도록 하는 생태계를 구축하는 것”이라고 했다. 초대형 빅데이터센터를 운영하는 아마존이나 구글, 그런 곳에 프로세서를 공급하는 엔비디아, 자체적으로 대규모언어모델(LLM) AI를 운영하려는 회사, 그리고 메모리 제조업체 등이 파네시아의 잠재적인 고객사들이다.파네시아는 일찌감치 CXL 기술 개발을 시작했다. 글로벌 CXL 1.1 표준이 발표된 것이 2019년인데 그 이전인 2015년부터 CXL 기술의 핵심 중 하나인 ‘캐시 일관성(Cache Coherency)’ 기술을 연구했다. 캐시 일관성 기술은 여러 프로세서가 메모리에 있는 데이터를 읽고 쓸 때, 어느 프로세서가 먼저 처리를 하더라도 메모리와 캐시(프로세서에 붙어 있는 작은 메모리)들에 있는 데이터도 같은 값을 가질 수 있도록 유지하는 기술이다. 이를 빠르게 처리하지 못하거나 잘못 처리하면 컴퓨터는 오류를 낸다. CXL은 캐시 일관성을 기반으로 한 연결기술이라고 할 수 있다.2020년 11월 CXL 2.0 표준이 발표되자 파네시아는 1년 반 정도 만에 세계 최초로 CXL 2.0 기반의 솔루션을 선보였다. 지난해 6월 미국 보스턴에서 열린 유즈닉스연례회의(USENIX ATC)에서 파네시아의 연구 결과가 인정을 받아 세계 최초로 종단(CPU와 메모리, 스위치 등 시스템 내 모든 요소) 간 CXL 2.0 솔루션을 공개한 기업이 됐다.올해 8월에는 CXL 3.0 기반의 고용량 메모리 시스템의 하드웨어와 소프트웨어를 세계 최초로 개발하고, 미국 샌타클래라에서 열린 플래시메모리 서밋(FMS 2023)에서 멀티-테라바이트를 제공하는 시스템을 전 세계에 공개했다. 정 교수는 “2015년에 캐시 일관성 기술을 연구하면서 생각했던 개념이 생각보다 빨리 CXL 3.0에 적용되었으나 관련 특허와 기술 개발 내용들을 토대로 발 빠르게 대응할 수 있었다”고 했다. 그 개념이란 여러 프로세서가 대용량의 메모리에 있는 데이터를 동시에 볼 수 있도록 하는 것이다. 이는 마치 만화책이 아니라 웹툰으로 구현된 만화를 보는 것과 비슷하다. 만화책은 누군가 보고 있으면 다른 사람은 차례를 기다려야 한다. 하지만 웹툰은 누군가가 보고 있더라고 다른 사람이 같이 볼 수 있다. 캐시 일관성이 지원되면 각 프로세서가 메모리에 든 내용을 이미 알고 있기 때문에 작업 요청이 있을 때 메모리의 내용을 따로 넘겨받지 않고 빠르게 처리할 수 있게 된다.파네시아는 올해 9월 CXL 3.0 설계자산(IP)을 실리콘 칩에 구현해 작동을 1차 검증했다. 11월에는 CXL 3.1 기반의 칩까지 고객사에 공급할 예정이다.파네시아는 내년 1월에는 미국 라스베이거스에서 열리는 정보기술(IT) 전시회로 세계 최대를 자랑하는 소비자가전전시회 ‘CES 2024’에 참가해 CXL 기반의 AI 가속기 프로토타입을 시연할 계획이다.정 대표는 스토리지 및 반도체 전문가의 길을 걸었다. 2006년부터 3년간 삼성전자 메모리 사업부에서 일했고, 이후 2013년 미국 펜실베이니아주립대에서 박사학위를 받고 로런스 버클리 국립연구소 객원연구원을, 2013∼2015년에는 텍사스주립대 교수를 지냈다. 국내에서는 연세대 교수를 거쳐 현 KAIST 전기및전자공학부에 재직 중이다. 국내에 있으면서 SK하이닉스사장단 자문위원회(2016∼2020년)에서 활동했고, 삼성종합기술원 자문위원(2020∼2021년)도 지냈다. 컴퓨터 아키텍처 및 운영체제 관련 최우수 및 우수 논문 125편가량을 발표했고, CXL 기술 관련 특허를 다수 보유하고 있다.파네시아에는 현재 KAIST 석·박사는 물론이고 삼성전자와 SK하이닉스 출신 연구원 등 약 20명이 근무하고 있다. 관련 연구 및 개발 인원을 50%가량 더 늘리고 젊은 임직원들이 추구하는 개발 환경을 구축하고 성장시키는 데 투자금액을 늘릴 예정이다. 또 대전 사옥 외에 서울 혹은 경기 성남시 판교에 연구소를 추가로 계약 중이다.창업을 하게 된 동기에 대해서는 “엔지니어링에 가까운 기술을 연구하다 보니 산업의 흐름을 알게 됐고, CXL 관련 기술을 활용하면 더 효율적이라는 연구 결과를 널리 알리는 한편 산업적으로도 증명하고 싶었다”고 했다.그는 이어 “CXL 개념이나 기술의 유용성을 모르는 기업이 많아 CXL 기반 IP를 활용해 AI가속기나 메모리확장기 같은 제품을 시범 생산해 직접 성능을 보여주고 있다”며 “메타의 추천 기능 등에 적용했을 때 기존 방식보다 월등히 높은 속도로 구동된다”고 했다CXL 관련 시장은 이제 막 시작하는 단계다. 삼성전자와 SK하이닉스도 고대역폭메모리(HBM)에 이어 새로운 먹거리가 될 수 있는 CXL 기반 메모리들을 개발해 발표하고 있다.정 대표는 “2030년이면 CXL 시장이 200억 달러 규모로 성장할 것이라는 전망이 나오고 있다”며 “앞선 기술과 연구개발에 진심인 젊은 엔지니어들, 그리고 대규모 시장 잠재력 덕분에 설립 1년여 만에 시드 투자를 받을 때 1034억 원의 기업가치를 인정받고 160억 원의 투자를 유치할 수 있었다고 생각한다”고 했다.파네시아는 CXL 반도체 및 솔루션 설계자산(IP) 기업을 지향한다. 하드웨어 엔진과 소프트웨어를 모두 공급한다. 빅데이터를 처리하는 데 적합한 대형 컴퓨터나 AI가속기, 메모리를 만드는 업체들이 CXL 기반으로 칩을 만들려고 할 때 파네시아의 IP가 그 개발과 시간을 충분히 단축시키고 세계적 경쟁력 확보에 큰 기여를 할 수 있다. CXL 기반 프로세서와 메모리, 서버가 얼마나 늘어날 것인지, 그리고 이를 하나로 묶어주는 솔루션의 기술 고도화가 관건이다.정 대표는 “유능하고 젊은 인재들과 함께 세계 최초 CXL 기반 IP는 물론이고 다양한 반도체 IP들, 그리고 관련 소프트웨어를 모두 수출하는 글로벌 회사로 성장하겠다”고 했다.허진석 기자 jameshur@donga.com"
"“내년은 HBM의 해”… <b>삼성전자</b>·SK하이닉스, 공급량 확대 총력전",https://biz.chosun.com/it-science/ict/2023/11/02/SGZUO4HOJVAOXF25FND6F4BOQI/?utm_source=naver&utm_medium=original&utm_campaign=biz,https://n.news.naver.com/mnews/article/366/0000944598?sid=105,"<b>삼성전자</b>, 내년 HBM 공급량 2.5배 이상 확보 계획 천안·온양 공장 중심으로 신규 설비투자 진행 SK하이닉스는 공정전환 진행하며 일단 관망 “추후 공정 변화 감안해 신규 투자는 미룬 듯” <b>삼성전자</b>와 SK하이닉스가... ","Thu, 02 Nov 2023 15:35:00 +0900",
외인·기관 동반 '사자' 나선 <b>삼성전자</b>…'6만 <b>전자</b>' 탈출은 언제,https://www.news1.kr/articles/5220599,https://n.news.naver.com/mnews/article/421/0007153800?sid=101,최근 일주일 새 외국인과 기관이 <b>삼성전자</b>(005930)를 가장 많이 사들인 것으로 나타났다. 이에 '7만 <b>전자</b>'를 회복하는 듯했으나 개인들이 '팔자'에 나서면서 <b>삼성전자</b> 주가의 발목을 잡았다. <b>삼성전자</b>가 올해 첫 '조 단위... ,"Sat, 04 Nov 2023 08:00:00 +0900","삼성전자가 올해 3분기(7~9월) 2조원 이상의 영업이익을 달성했다. 올해 첫 '조 단위' 영업이익이다. 반도체(DS) 부문은 3조원 중반대 영업손실로 전 분기보다는 적자폭을 줄였다. 삼성전자는 2023년 3분기 매출과 영업이익을 각각 67조4047억원, 2조4336억원을 기록했다고 공시했다. 전년 동기대비 각각 12.2%, 77.6% 감소한 수치다. 사진은 창립기념일을 하루 앞둔 31일 서울 서초구 삼성전자 서초사옥 모습. 2023.10.31/뉴스1 © News1 박지혜 기자

최근 일주일 새 외국인과 기관이 삼성전자(005930)를 가장 많이 사들인 것으로 나타났다. 이에 '7만 전자'를 회복하는 듯했으나 개인들이 '팔자'에 나서면서 삼성전자 주가의 발목을 잡았다. 삼성전자가 올해 첫 '조 단위' 영업이익을 기록, 메모리 업황 반등 기대감이 커지며 외국인과 기관이 돌아왔지만 개인들의 반응은 싸늘하다. 증권가의 시각은 엇갈리고 있다.4일 한국거래소에 따르면 지난달 27일부터 이달 3일까지 외국인과 기관은 삼성전자를 각각 1725억원, 2677억원어치를 순매수했다. 규모로 보면 각각 1위다. 특히 외국인은 이 기간 코스피에서 6270억원을 순매도한 와중에 삼성전자에는 매수 우위를 나타냈다. 기관은 지난달 27일부터 이달 3일까지 꾸준히 물량을 담았다.이에 삼성전자는 1일과 2일 각각 2.54%, 1.60% 상승하며 '7만 전자'를 바짝 쫓았다. 지난 2~3일 이틀 연속 장중 7만원선을 탈환하기도 했다. 하지만 개인들이 물량을 내놓으면서 결국 6만원선에 머물렀다. 개인은 지난달 27일부터 이달 3일까지 일주일 동안 삼성전자 4377억원을 팔았다.삼성전자는 지난 3분기 2조원 이상 영업이익을 달성했다. 올해 첫 '조 단위' 영업이익이다. 삼성전자는 2023년 3분기 매출과 영업이익을 각각 67조4047억원, 2조4336억원을 기록했다고 지난달 31일 공시했다. 전년 동기대비 각각 12.2%, 77.6% 감소한 수치다.반도체(DS) 부문에서 3조원 중반대 영업손실을 기록, 전 분기보다 적자폭을 줄였다. 주가와 본격적인 반등에 있어 가장 중요한 DS 부분에서 적자 폭을 줄이면서 메모리 업황이 바닥을 찍었다는 기대감이 커졌다.증권가에선 삼성전자에 여전한 기대감을 드러내는 한편 일각에서는 목표가를 대폭 하향하는 등 엇갈린 시선을 보내고 있다. 대부분의 증권사는 삼성전자 목표가 9만원선을 유지하고 있다. 내년도 메모리를 비롯한 전반적인 전방 수요 상황은 올해 대비 개선될 것이 확실하다는 이유에서다.김광진 한화투자증권 연구원은 ""D램과 낸드 모두 가격 반등에 성공하며 긴 터널을 지나 수요 회복의 시그널이 확인된 점은 긍정적""이라며 ""DS 부문의 실적 개선이 4분기부터 가속할 것으로 보이며, 메모리 수요 개선에 따른 실적 개선 방향성에 집중하는 것이 타당하다""고 분석했다.실제 시장조사업체 D램익스체인지에 따르면 10월 기준 PC용 DDR4 8Gb D램 고정거래 가격은 전달(9월) 1.30달러에서 1.50달러로 상승했다. 한 달 만에 15.38% 증가한 수치다. 고정 거래가격은 삼성전자나 SK하이닉스 등 반도체 회사들이 대형 고객사에 제품을 납품할 때 거래되는 가격이다.김형태 신한투자증권 연구원은 ""낸드와 레거시 D램 중심의 공급 조절이 지속되는 가운데 4분기 가격 반등이 기대된다""며 ""전방 고객사들의 재고 조정이 마무리된 가운데 공급사들의 감산 기조는 지속될 전망으로, 이는 가격 상승을 앞두고 선제적 구매 수요를 자극할 것으로 예상된다""고 밝혔다.반면 하이투자증권은 삼성전자의 목표가를 기존 9만5000원에서 7만7000원으로 대폭 하향했다. 삼성전자의 실적보다도 주가에 더 큰 영향을 미치는 경기선행지표가 하락 전환할 가능성이 높다는 이유에서다.송명섭 하이투자증권 연구원은 ""경기선행지표들이 조만간 하락 전환할 가능성이 높아 목표가를 하향 조정했다""며 ""삼성전자의 주가와 경기선행지표는 밀접한 동행 관계를 보여왔다""고 설명했다.송 연구원은 ""내년 2분기 반도체 업체들이 감산을 끝낸다면 하반기 D램 생산 증가율(전년 대비)은 10%에 이를 것""이라며 ""수요가 받쳐주지 않는다면 메모리 반도체 업황은 다시 둔화할 것""이라고도 덧붙였다.삼성전자 주가에 매크로 불확실성이 중요한 변수가 되는 만큼 낙관론과 비관론 그 어느 편에도 설 수 없다는 의견도 나왔다.이승우 유진투자증권 센터장은 ""매크로의 불확실성이 시장을 들었다 놨다 하는 중요한 변수가 되면서주식 시장 참여자들도 용기를 내기가 어려운 국면""이라며 ""어떤 주장이 맞을지는 결과적으로 시간이 해결해 줄 수 밖에 없지만, 주가는 낙관론과 비관론 사이에서 당분간 높은 변동성을 보이며 움직일 수 밖에 없을 것""이라고 강조했다.1derland@news1.kr"
"<b>삼성전자</b>, 부산에서 '오디세이 체험존' 운영",http://www.econonews.co.kr/news/articleView.html?idxno=310911,http://www.econonews.co.kr/news/articleView.html?idxno=310911,방문객들이 롯데백화점 부산 본점에 위치한 '오디세이 체험존'에서 삼성전자 게이밍 모니터를 체험하고 있다. (사진=<b>삼성전자</b>) <b>삼성전자</b>가 '2023 리그 오브 레전드(League of Legends) 국제대회' 토너먼트 스테이지에... ,"Fri, 03 Nov 2023 09:06:00 +0900","방문객들이 롯데백화점 부산 본점에 위치한 '오디세이 체험존'에서 삼성전자 게이밍 모니터를 체험하고 있다. (사진=삼성전자)

[이코노뉴스=최아람 기자] 삼성전자가 '2023 리그 오브 레전드(League of Legends) 국제대회' 토너먼트 스테이지에 맞춰 '오디세이 체험존'을 롯데백화점 부산 본점에서 오는 17일까지 운영한다.

방문객들은 오디세이 체험존에서 ▲세계 최초 듀얼 UHD 게이밍 모니터인 57형 '오디세이 네오 G9' ▲빠른 게임플레이를 지원하는 49형 '오디세이 OLED G9'을 직접 체험해 볼 수 있다.

삼성전자는 행사기간에 삼성스토어 전 지점에서 '오디세이 네오 G9'·'오디세이 OLED G9'·'오디세이 아크' 구매 고객에게 10만원 할인 혜택을 제공하며, 체험존이 위치한 롯데백화점 부산 본점 삼성스토어에서는 추가 10만원 할인 혜택을 제공한다.

이 밖에도 관심 고객 등록 및 해시태그 이벤트에 참여한 방문객을 대상으로 T1 및 오디세이 굿즈 등 다양한 상품을 선착순 제공한다."
"<b>삼성전자</b>, 게이밍 모니터 '오디세이 체험존' 운영",https://www.news1.kr/photos/view/?6304570,https://n.news.naver.com/mnews/article/421/0007151762?sid=101,= <b>삼성전자</b>는 '2023 리그 오브 레전드(League of Legends) 국제대회' 토너먼트 스테이지가 시작된 지난 2일부터 오는 17일까지 롯데백화점 부산 본점에서 '오디세이 체험존'을 운영한다고 3일 밝혔다. 방문객들은... ,"Fri, 03 Nov 2023 09:10:00 +0900","(서울=뉴스1) = 삼성전자는 '2023 리그 오브 레전드(League of Legends) 국제대회' 토너먼트 스테이지가 시작된 지난 2일부터 오는 17일까지 롯데백화점 부산 본점에서 '오디세이 체험존'을 운영한다고 3일 밝혔다. 방문객들은 듀얼 UHD 게이밍 모니터인 57형 '오디세이 네오 G9', 49형 '오디세이 OLED G9'을 직접 체험해 볼 수 있다. 또 리그 오브 레전드(LoL) 프로게이머 페이커가 속한 e스포츠팀 T1 및 오디세이 굿즈 등 다양한 상품을 선착순으로 받을 수 있다. (삼성전자 제공) 2023.11.3/뉴스1 photo@news1.kr"
"<b>삼성전자</b>, 부산서 '오디세이 체험존' 운영",http://www.m-i.kr/news/articleView.html?idxno=1063027,http://www.m-i.kr/news/articleView.html?idxno=1063027,방문객들이 롯데백화점 부산 본점에 위치한 '오디세이 체험존'에서 <b>삼성전자</b> 게이밍 모니터를 체험하고 있다. 사진=<b>삼성전자</b> 제공 매일일보 = 김명현 기자  |  <b>삼성전자</b>가 부산에서 '오디세이 체험존'을 운영한다.... ,"Fri, 03 Nov 2023 11:12:00 +0900","방문객들이 롯데백화점 부산 본점에 위치한 '오디세이 체험존'에서 삼성전자 게이밍 모니터를 체험하고 있다. 사진=삼성전자 제공

매일일보 = 김명현 기자 | 삼성전자가 부산에서 '오디세이 체험존'을 운영한다.

삼성전자는 '2023 리그 오브 레전드 국제대회' 토너먼트 스테이지에 맞춰 '오디세이 체험존'을 롯데백화점 부산 본점에서 오는 17일까지 운영한다고 3일 밝혔다.

방문객들은 오디세이 체험존에서 △세계 최초 듀얼 UHD 게이밍 모니터인 57형 '오디세이 네오 G9' △강력하고 빠른 게임플레이를 지원하는 49형 '오디세이 OLED G9'을 직접 체험해 볼 수 있다.

삼성전자는 “행사 기간 삼성스토어 전 지점에서 '오디세이 네오 G9'·'오디세이 OLED G9'·'오디세이 아크' 구매 고객에 할인 혜택을 제공한다”며 “관심고객 등록 및 해시태그 이벤트에 참여한 방문객을 대상으로 다양한 상품도 선착순 제공한다”고 설명했다.

저작권자 © 매일일보 무단전재 및 재배포 금지"
"<b>삼성전자</b>, 부산에 ‘오디세이 체험존’ 운영",https://www.ekn.kr/web/view.php?key=20231103010000987,https://www.ekn.kr/web/view.php?key=20231103010000987,<b>삼성전자</b>는 ‘2023 리그 오브 레전드 국제대회’ 토너먼트 스테이지에 맞춰 롯데백화점 부산 본점에서 오는 17일까지 ‘오디세이 체험존’을 운영한다고 3일 밝혔다. 방문객들은 오디세이 체험존에서 △듀얼 UHD... ,"Fri, 03 Nov 2023 11:36:00 +0900","▲방문객들이 롯데백화점 부산 본점에 위치한 ‘오디세이 체험존’에서 삼성전자 게이밍 모니터를 체험하고 있다.

[에너지경제신문 여헌우 기자] 삼성전자는 ‘2023 리그 오브 레전드 국제대회’ 토너먼트 스테이지에 맞춰 롯데백화점 부산 본점에서 오는 17일까지 ‘오디세이 체험존’을 운영한다고 3일 밝혔다.



방문객들은 오디세이 체험존에서 △듀얼 UHD 게이밍 모니터인 57형 ‘오디세이 네오 G9’ △49형 ‘오디세이 OLED G9’ 등을 직접 체험해 볼 수 있다.



삼성전자는 행사기간에 삼성스토어 전 지점에서 ‘오디세이 네오 G9’, ‘오디세이 OLED G9’, ‘오디세이 아크’ 구매 고객에게 10만원 할인 혜택을 제공한다. 체험존이 위치한 롯데백화점 부산 본점 삼성스토어에서는 추가 10만원 할인 혜택을 제공한다.



이 밖에도 관심 고객 등록 및 해시태그 이벤트에 참여한 방문객을 대상으로 T1 및 오디세이 굿즈 등 다양한 상품을 선착순 제공한다.





yes@ekn.kr







"
"<b>삼성전자</b>, 롤드컵 기간 부산서 게이밍 모니터 체험존 운영",https://isplus.com/article/view/isp202311030025,https://n.news.naver.com/mnews/article/241/0003310239?sid=105,<b>삼성전자</b>는 '2023 리그 오브 레전드 국제대회' 토너먼트 스테이지에 맞춰 '오디세이 체험존'을 롯데백화점 부산 본점에서 오는 17일까지 운영한다고 3일 밝혔다. 방문객들은 오디세이 체험존에서 세계 최초 듀얼 UHD... ,"Fri, 03 Nov 2023 10:07:00 +0900","방문객들이 롯데백화점 부산 본점에 위치한 '오디세이 체험존'에서 삼성전자 게이밍 모니터를 체험하고 있다. 삼성전자 제

삼성전자는 '2023 리그 오브 레전드 국제대회' 토너먼트 스테이지에 맞춰 '오디세이 체험존'을 롯데백화점 부산 본점에서 오는 17일까지 운영한다고 3일 밝혔다.방문객들은 오디세이 체험존에서 세계 최초 듀얼 UHD 게이밍 모니터인 57형 '오디세이 네오 G9'와 강력하고 빠른 게임 플레이를 지원하는 49형 '오디세이 OLED G9'을 체험할 수 있다.삼성전자는 행사기간 삼성스토어 전 지점에서 '오디세이 네오 G9' '오디세이 OLED G9' '오디세이 아크' 구매 고객에게 10만원 할인 혜택을 제공한다. 체험존이 위치한 롯데백화점 부산 본점 삼성스토어에서는 추가 10만원 할인 혜택을 제공한다.또 관심 고객 등록 및 해시태그 이벤트에 참여한 방문객을 대상으로 T1 및 오디세이 굿즈 등 상품을 선착순으로 지급한다."
"<b>삼성전자</b>, '미세먼지 ALL 클린' 프로모션 전개",https://biz.newdaily.co.kr/site/data/html/2023/11/03/2023110300062.html,https://biz.newdaily.co.kr/site/data/html/2023/11/03/2023110300062.html,뉴데일리 조재범 기자 = <b>삼성전자</b>가 가을철 실내 공기질 관리에 효과적인 공기청정기 '비스포크 큐브 Air'를 보다 특별한 혜택으로 만나볼 수 있는 프로모션을 전개한다. <b>삼성전자</b>는 이달 30일까지 전국... ,"Fri, 03 Nov 2023 09:48:00 +0900","▲ ⓒ삼성전자

삼성전자가 가을철 실내 공기질 관리에 효과적인 공기청정기 '비스포크 큐브 Air'를 보다 특별한 혜택으로 만나볼 수 있는 프로모션을 전개한다.





삼성전자는 이달 30일까지 전국 삼성스토어에서 '미세먼지 All 클린 프로모션'을 실시한다고 밝혔다.





이번 프로모션은 11월 고농도의 미세먼지가 유입될 것으로 전망됨에 따라 보다 많은 소비자들이 '비스포크 큐브 Air'로 공기질을 관리할 수 있도록 마련됐다. 프로모션 기간 중 비스포크 큐브 Air 123㎡형 모델(AX123CB850SLD, AX123CB870HND, AX123CB870HGD, AX123CB860SED)을 구매하면 최대 10만원 상당의 포인트가 제공된다.





비스포크 큐브 Air 등 삼성전자의 가전제품을 2품목 이상 함께 구매하는 고객들에게는 '삼성전자 다품목 패키지' 혜택이 적용되어 최대 20만원 상당의 포인트를 받을 수 있다.





삼성전자는 오는 26일까지 삼성전자 인스타그램 채널을 통해 '미세먼지 시즌, 돌아온 에어특공대 이벤트'도 진행한다.





비스포크 큐브 Air의 캐릭터 '에어특공대'와 함께하는 3개의 콘텐츠를 통해 ▲AI 루틴 ▲트리플 청정 ▲공간 맞춤 등 큐브 Air만의 특화 기능들을 소개한다. 해당 콘텐츠를 개인 SNS에 업로드하면 추첨을 통해 외식상품권 등 풍성한 경품을 증정한다.





비스포크 큐브 Air는 인공지능 기술을 기반으로 사용자 맞춤형 공기질 관리가 가능한 공기청정기이다. '맞춤청정 AI+' 기능으로 전원이 꺼져 있어도 10분마다 알아서 실내외 공기질을 분석하고 오염도를 예측해 언제나 실내 공기를 청정하게 관리할 수 있다.





큐브 형태의 감각적인 디자인으로 어느 장소에나 잘 어울리는 비스포크 큐브 Air는 'AI 절약 모드' 사용 시 실내 공기질에 맞춰 스스로 팬을 작동시켜 공기청정기 에너지 사용량을 최대 30%까지 절감할 수 있다.





또 필터 속 항균부터 공간 제균까지 해주는 '트리플 청정' 기능과 직접 닿는 바람없이 저소음으로 청정하는 '저소음 무풍청정'으로 쾌적한 환경을 조성해준다.





삼성전자 한국총괄 황태환 부사장은 ""11월 시작과 함께 찾아온 미세먼지 소식에 소비자들의 걱정을 해소하기 위해 이번 프로모션을 준비했다""며 ""비스포크 큐브 Air의 차별화된 청정 기능으로 온 가족이 쾌적한 공간을 경험해 보시기를 바란다""고 전했다."
"<b>삼성전자</b>, 부산서 게이밍 모니터 '오디세이 체험존' 운영",https://www.news1.kr/photos/view/?6304572,https://n.news.naver.com/mnews/article/421/0007151764?sid=101,= <b>삼성전자</b>는 '2023 리그 오브 레전드(League of Legends) 국제대회' 토너먼트 스테이지가 시작된 지난 2일부터 오는 17일까지 롯데백화점 부산 본점에서 '오디세이 체험존'을 운영한다고 3일 밝혔다. 방문객들은... ,"Fri, 03 Nov 2023 09:10:00 +0900","(서울=뉴스1) = 삼성전자는 '2023 리그 오브 레전드(League of Legends) 국제대회' 토너먼트 스테이지가 시작된 지난 2일부터 오는 17일까지 롯데백화점 부산 본점에서 '오디세이 체험존'을 운영한다고 3일 밝혔다. 방문객들은 듀얼 UHD 게이밍 모니터인 57형 '오디세이 네오 G9', 49형 '오디세이 OLED G9'을 직접 체험해 볼 수 있다. 또 리그 오브 레전드(LoL) 프로게이머 페이커가 속한 e스포츠팀 T1 및 오디세이 굿즈 등 다양한 상품을 선착순으로 받을 수 있다. (삼성전자 제공) 2023.11.3/뉴스1 photo@news1.kr"
"<b>삼성전자</b>, ‘롤드컵’ 맞춰 ‘오디세이 체험존’ 운영",https://www.news1.kr/photos/view/?6304569,https://n.news.naver.com/mnews/article/421/0007151761?sid=101,= <b>삼성전자</b>는 '2023 리그 오브 레전드(League of Legends) 국제대회' 토너먼트 스테이지가 시작된 지난 2일부터 오는 17일까지 롯데백화점 부산 본점에서 '오디세이 체험존'을 운영한다고 3일 밝혔다. 방문객들은... ,"Fri, 03 Nov 2023 09:09:00 +0900","(서울=뉴스1) = 삼성전자는 '2023 리그 오브 레전드(League of Legends) 국제대회' 토너먼트 스테이지가 시작된 지난 2일부터 오는 17일까지 롯데백화점 부산 본점에서 '오디세이 체험존'을 운영한다고 3일 밝혔다. 방문객들은 듀얼 UHD 게이밍 모니터인 57형 '오디세이 네오 G9', 49형 '오디세이 OLED G9'을 직접 체험해 볼 수 있다. 또 리그 오브 레전드(LoL) 프로게이머 페이커가 속한 e스포츠팀 T1 및 오디세이 굿즈 등 다양한 상품을 선착순으로 받을 수 있다. (삼성전자 제공) 2023.11.3/뉴스1 photo@news1.kr"
"<b>삼성전자</b>, 부산서 오디세이 체험존 운영",http://www.g-enews.com/ko-kr/news/article/news_all/2023110308354225156ed0c62d49_1/article.html,http://www.g-enews.com/ko-kr/news/article/news_all/2023110308354225156ed0c62d49_1/article.html,<b>삼성전자</b>는 게이밍 모니터 마케팅 행사를 전개한다. <b>삼성전자</b>는 '2023 리그 오브 레전드(League of Legends) 국제대회' 토너먼트 스테이지에 맞춰 '오디세이 체험존'을 롯데백화점 부산 본점에서 오는 17일까지... ,"Fri, 03 Nov 2023 12:26:00 +0900","삼성전자, 부산서 오디세이 체험존 운영 이미지 확대보기 방문객들이 롯데백화점 부산 본점에 위치한 '오디세이 체험존'에서 삼성전자 게이밍 모니터를 체험하고 있다. 사진=LG전자

삼성전자는 게이밍 모니터 마케팅 행사를 전개한다.삼성전자는 '2023 리그 오브 레전드(League of Legends) 국제대회' 토너먼트 스테이지에 맞춰 '오디세이 체험존'을 롯데백화점 부산 본점에서 오는 17일까지 운영한다고 3일 밝혔다.방문객들은 오디세이 체험존에서 △세계 최초 듀얼 UHD 게이밍 모니터인 57형 '오디세이 네오 G9' △강력하고 빠른 게임플레이를 지원하는 49형 '오디세이 OLED G9'을 직접 체험해 볼 수 있다.다양한 할인 혜택도 제공한다. 삼성전자는 행사기간 삼성스토어 전 지점에서 '오디세이 네오 G9'·'오디세이 OLED G9'·'오디세이 아크' 구매 고객에게 10만원 할인 혜택을 제공한다. 또 체험존이 위치한 롯데백화점 부산 본점 삼성스토어에서는 추가 10만원 할인 혜택을 제공한다.이외에도 관심 고객 등록 및 해시태그 이벤트에 참여한 방문객을 대상으로 T1 및 오디세이 굿즈 등 다양한 상품을 선착순 제공한다.장용석 글로벌이코노믹 기자 jangys@g-enews.com"
"<b>삼성전자</b>, ‘롤드컵’ 열리는 부산서 ‘오디세이 체험존’ 운영",https://biz.chosun.com/it-science/ict/2023/11/03/QOUON4OTZNFBLDW4QCM7JITK4Q/?utm_source=naver&utm_medium=original&utm_campaign=biz,https://n.news.naver.com/mnews/article/366/0000944782?sid=105,<b>삼성전자</b>가 ‘2023 리그 오브 레전드(League of Legends) 국제대회’ 토너먼트 스테이지에 맞춰 ‘오디세이 체험존’을 롯데백화점 부산 본점에서 오는 17일까지 운영한다고 3일 밝혔다. 방문객들은 오디세이... ,"Fri, 03 Nov 2023 10:13:00 +0900",
"'창립 54주년' <b>삼성전자</b>, 한종희 &quot;기술 우위 확보가 최우선&quot;",http://www.newsis.com/view/?id=NISX20231101_0002504409&cID=13001&pID=13000,https://n.news.naver.com/mnews/article/003/0012181023?sid=101,"한종희 <b>삼성전자</b> 대표이사 부회장은 1일 <b>삼성전자</b> 창립 54주년을 맞아 '기술 경쟁력'을 거듭 강조했다. <b>삼성전자</b>는 이날 오전 수원 디지털시티에서 한종희 부회장, DX(디바이스경험)·DS(반도체)부문 사업부장 등 경영진과... ","Wed, 01 Nov 2023 09:20:00 +0900","소설가 윤고은 ""주인공 작품 불태우는 나는 '못된 작가'""[신재우의 작가만세]"
"<b>삼성전자</b>, 부산에서 ‘오디세이 체험존’ 운영",https://www.dnews.co.kr/uhtml/view.jsp?idxno=202311030856101300326,https://www.dnews.co.kr/uhtml/view.jsp?idxno=202311030856101300326,세계 최초 듀얼 UHD 게이밍 모니터 등 체험 <b>삼성전자</b>는 17일까지 롯데백화점 부산 본점에서 ‘2023 리그 오브 레전드(League of Legends) 국제대회’ 토너먼트 스테이지에 맞춰 ‘오디세이 체험존’을 운영한다고 3일... ,"Fri, 03 Nov 2023 09:02:00 +0900","삼성전자, 부산에서 ‘오디세이 체험존’ 운영

세계 최초 듀얼 UHD 게이밍 모니터 등 체험





롯데백화점 부산 본점에 있는 ‘오디세이 체험존’에서 방문객들이 삼성전자 게이밍 모니터를 체험하고 있다. / 사진 : 삼성전자 제공





[대한경제=한형용 기자] 삼성전자는 17일까지 롯데백화점 부산 본점에서 ‘2023 리그 오브 레전드(League of Legends) 국제대회’ 토너먼트 스테이지에 맞춰 ‘오디세이 체험존’을 운영한다고 3일 밝혔다.



방문객들은 오디세이 체험존에서 △세계 최초 듀얼 UHD 게이밍 모니터인 57형 ‘오디세이 네오 G9’ △강력하고 빠른 게임플레이를 지원하는 49형 ‘오디세이 OLED G9’을 체험할 수 있다.



삼성전자는 행사기간에 삼성스토어 전 지점에서 ‘오디세이 네오 G9’·‘오디세이 OLED G9’·‘오디세이 아크’ 구매 고객에게 10만원 할인 혜택을 제공하며, 체험존이 위치한 롯데백화점 부산 본점 삼성스토어에서는 추가 10만원 할인 혜택을 제공한다.



관심 고객 등록 및 해시태그 이벤트에 참여한 방문객에게도 T1 및 오디세이 굿즈 등 다양한 상품을 선착순 제공한다.



한형용 기자 je8day@



〈ⓒ 대한경제신문(www.dnews.co.kr), 무단전재 및 수집, 재배포금지〉"
"<b>삼성전자</b>, 갤럭시 탭 A9+ 출시",https://economist.co.kr/article/view/ecn202311010021,https://n.news.naver.com/mnews/article/243/0000052184?sid=105,<b>삼성전자</b>가 실용적인 성능에 합리적인 가격까지 갖춘 갤럭시 탭 A9+를 2일 국내 출시한다고 밝혔다. 갤럭시 탭 A9+는 278.2㎜ 크기의 스크린에 최대 90㎐ 주사율을 지원하는 디스플레이를 탑재해 부드럽고 몰입감 있는... ,"Wed, 01 Nov 2023 10:51:00 +0900","삼성전자 갤럭시 탭 A9+. [사진 삼성전자]

[이코노미스트 이창훈 기자] 삼성전자가 실용적인 성능에 합리적인 가격까지 갖춘 갤럭시 탭 A9+를 2일 국내 출시한다고 밝혔다.갤럭시 탭 A9+는 278.2㎜ 크기의 스크린에 최대 90㎐ 주사율을 지원하는 디스플레이를 탑재해 부드럽고 몰입감 있는 스크린 경험을 제공한다. 돌비 애트모스(Dolby Atmos)의 음향 기술이 적용된 쿼드 스피커를 탑재해 생생한 사운드를 자랑한다.갤럭시 탭 A9+는 7040mAh(티피컬 용량 기준, 정격 용량 6820mAh) 대용량 배터리를 채용했다. 스토리지는 64GB를 탑재했고, 최대 1TB의 마이크로 SD 카드를 추가할 수 있다.특히 삼성 덱스 기능을 통해 PC 환경처럼 사용하는 편의성을 제공한다. 최대 3개의 작업을 하나의 화면에서 동시에 수행할 수 있도록 화면 분할 기능도 지원한다. 화면 녹화 기능을 탑재해 사용 중인 화면을 영상으로 기록할 수 있다.갤럭시 탭 A9+의 데이터는 삼성 녹스에 의해 안전하게 보관된다. 사용자는 설정의 보안 및 개인정보 보호 메뉴에서 사용자의 데이터가 공유되는 항목을 쉽게 파악하고 관리할 수 있다.이 외에도 갤럭시 탭 A9+는 삼성 키즈 기능을 지원해, 아이들에게 안전한 디지털 환경을 제공한다. 보호자가 퀵 패널을 통해 간단하게 설정할 수 있다. 사용 시간 설정, 접근 가능한 앱 지정 등을 할 수 있다.자세한 내용은 삼성전자 홈페이지 등에서 확인하면 된다.ⓒ이코노미스트(https://economist.co.kr) '내일을 위한 경제뉴스 이코노미스트' 무단 전재 및 재배포 금지"
"<b>삼성전자</b>, 부산에서 '오디세이 체험존' 운영",https://www.mediapen.com/news/view/868362,https://www.mediapen.com/news/view/868362,<b>삼성전자</b>가 '2023 리그 오브 레전드(League of Legends) 국제대회' 토너먼트 스테이지에 맞춰 '오디세이 체험존'을 롯데백화점 부산 본점에서 오는 17일까지 운영한다. 방문객들이 롯데백화점 부산 본점에 위치한... ,"Fri, 03 Nov 2023 09:56:00 +0900","[미디어펜=조우현 기자]삼성전자가 '2023 리그 오브 레전드(League of Legends) 국제대회' 토너먼트 스테이지에 맞춰 '오디세이 체험존'을 롯데백화점 부산 본점에서 오는 17일까지 운영한다.





▲ 방문객들이 롯데백화점 부산 본점에 위치한 '오디세이 체험존'에서 삼성전자 게이밍 모니터를 체험하고 있다. /사진=삼성전자 제공







3일 삼성전자에 따르면 방문객들은 오디세이 체험존에서 △세계 최초 듀얼 UHD 게이밍 모니터인 57형 '오디세이 네오 G9' △강력하고 빠른 게임플레이를 지원하는 49형 '오디세이 OLED G9'을 직접 체험해 볼 수 있다.





삼성전자는 행사기간에 삼성스토어 전 지점에서 '오디세이 네오 G9'·'오디세이 OLED G9'·'오디세이 아크' 구매 고객에게 10만 원 할인 혜택을 제공하며, 체험존이 위치한 롯데백화점 부산 본점 삼성스토어에서는 추가 10만 원 할인 혜택을 제공한다.





이 밖에도 관심 고객 등록 및 해시태그 이벤트에 참여한 방문객을 대상으로 T1 및 오디세이 굿즈 등 다양한 상품을 선착순 제공한다.

[미디어펜=조우현 기자] ▶다른기사보기"
"<b>삼성전자</b>, 부산서 ‘오디세이 체험존’ 운영",https://www.nspna.com/news/?mode=view&newsid=666072,https://www.nspna.com/news/?mode=view&newsid=666072,<b>삼성전자</b>가 ‘2023 리그 오브 레전드(League of Legends) 국제대회’ 토너먼트 스테이지에 맞춰 오디세이 체험존을 롯데백화점 부산 본점에서 오는 17일까지 운영한다. 방문객들은 오디세이 체험존에서 ▲세계 최초... ,"Fri, 03 Nov 2023 11:58:00 +0900","(사진 = 삼성전자)

(서울=NSP통신) 이복현 기자 = 삼성전자가 ‘2023 리그 오브 레전드(League of Legends) 국제대회’ 토너먼트 스테이지에 맞춰 오디세이 체험존을 롯데백화점 부산 본점에서 오는 17일까지 운영한다.



방문객들은 오디세이 체험존에서 ▲세계 최초 듀얼 UHD 게이밍 모니터인 57형 오디세이 네오 G9 ▲강력하고 빠른 게임플레이를 지원하는 49형 오디세이 OLED G9을 직접 체험해 볼 수 있다.



삼성전자는 행사기간에 삼성스토어 전 지점에서 오디세이 네오 G9·오디세이 OLED G9·오디세이 아크 구매 고객에게 10만원 할인 혜택을 제공하며 체험존이 위치한 롯데백화점 부산 본점 삼성스토어에서는 추가 10만원 할인 혜택을 제공한다.

G03-8236672469

이외 관심 고객 등록 및 해시태그 이벤트에 참여한 방문객을 대상으로 T1 및 오디세이 굿즈 등 다양한 상품을 선착순 제공한다.

ⓒ한국의 경제뉴스통신사 NSP통신·NSP TV. 무단전재-재배포 금지."
"<b>삼성전자</b>, 모처럼 메모리 가격 반등…&quot;4분기 흐름 바뀐다&quot;",http://www.newsis.com/view/?id=NISX20231101_0002504689&cID=13001&pID=13000,https://n.news.naver.com/mnews/article/003/0012181587?sid=101,"<b>삼성전자</b>의 지난 3분기(7~9월) 메모리 제품 가격이 상승세로 돌아서며, 메모리 사업의 연내 흑자 전환 기대감이 높아지고 있다. <b>삼성전자</b>는 반도체 수요 회복 지연 상황에서도 공격적인 감산과 고성능 메모리 판매... ","Wed, 01 Nov 2023 11:13:00 +0900","[서울=뉴시스] 황준선 기자 = 삼성전자가 31일 올해 3분기 연결 기준 매출 67조4047억원, 영업이익 2조4336억원의 실적을 기록했다고 밝혔다. 매출은 전년 같은 기간 76조7817억원보다 12.2% 감소했고, 영업익도 10조8520억원 대비 77.6% 줄었다. 메모리 부문의 적자 폭이 줄어들고 모바일과 디스플레이 부문의 실적이 올라 올해 처음으로 조 단위 분기 영업이익을 기록했다. 사진은 이날 삼성전자 서초사옥의 모습. 2023.10.31. hwang@newsis.com"
"<b>삼성전자</b>, 부산서 '오디세이 체험존' 운영",http://www.newsworks.co.kr/news/articleView.html?idxno=732326,http://www.newsworks.co.kr/news/articleView.html?idxno=732326,<b>삼성전자</b>가 '2023 리그 오브 레전드 국제대회' 토너먼트 스테이지에 맞춰 '오디세이 체험존'을 롯데백화점 부산 본점에서 오는 17일까지 운영한다. 방문객들은 오디세이 체험존에서 ▲세계 최초 듀얼 UHD 게이밍... ,"Fri, 03 Nov 2023 08:24:00 +0900","방문객들이 롯데백화점 부산 본점에 위치한 '오디세이 체험존'에서 삼성전자 게이밍 모니터를 체험하고 있다. (사진제공-삼성전자)

[뉴스웍스=채윤정 기자] 삼성전자가 '2023 리그 오브 레전드 국제대회' 토너먼트 스테이지에 맞춰 '오디세이 체험존'을 롯데백화점 부산 본점에서 오는 17일까지 운영한다.

방문객들은 오디세이 체험존에서 ▲세계 최초 듀얼 UHD 게이밍 모니터인 57형 '오디세이 네오 G9' ▲강력하고 빠른 게임플레이를 지원하는 49형 '오디세이 OLED G9'을 직접 체험해 볼 수 있다.

삼성전자는 행사기간에 삼성스토어 전 지점에서 '오디세이 네오 G9'·'오디세이 OLED G9'·'오디세이 아크' 구매 고객에게 10만원 할인 혜택을 제공하며, 체험존이 위치한 롯데백화점 부산 본점 삼성스토어에서는 추가 10만원 할인 혜택을 제공한다.

이 밖에도 관심 고객 등록 및 해시태그 이벤트에 참여한 방문객을 대상으로 T1 및 오디세이 굿즈 등 다양한 상품을 선착순으로 제공한다."
"<b>삼성전자</b>, 부산에서 '오디세이 체험존' 운영",https://www.koreaittimes.com/news/articleView.html?idxno=126253,https://www.koreaittimes.com/news/articleView.html?idxno=126253,방문객들이 롯데백화점 부산 본점에 위치한 '오디세이 체험존'에서 <b>삼성전자</b> 게이밍 모니터를 체험하고 있다/ <b>삼성전자</b> 제공 <b>삼성전자</b>가 '2023 리그 오브 레전드 국제대회' 토너먼트 스테이지에 맞춰 '오디세이... ,"Fri, 03 Nov 2023 10:36:00 +0900","방문객들이 롯데백화점 부산 본점에 위치한 '오디세이 체험존'에서 삼성전자 게이밍 모니터를 체험하고 있다/ 삼성전자 제공

삼성전자가 '2023 리그 오브 레전드 국제대회' 토너먼트 스테이지에 맞춰 '오디세이 체험존'을 롯데백화점 부산 본점에서 오는 17일까지 운영한다고 3일 밝혔다.

방문객들은 오디세이 체험존에서 ▲세계 최초 듀얼 UHD 게이밍 모니터인 57형 '오디세이 네오 G9' ▲강력하고 빠른 게임플레이를 지원하는 49형 '오디세이 OLED G9'을 직접 체험해 볼 수 있다.

삼성전자는 행사기간에 삼성스토어 전 지점에서 '오디세이 네오 G9'·'오디세이 OLED G9'·'오디세이 아크' 구매 고객에게 10만 원 할인 혜택을 제공하며, 체험존이 위치한 롯데백화점 부산 본점 삼성스토어에서는 추가 10만 원 할인 혜택을 제공한다.

이 밖에도 관심 고객 등록 및 해시태그 이벤트에 참여한 방문객을 대상으로 T1 및 오디세이 굿즈 등 다양한 상품을 선착순 제공한다.

저작권자 © Korea IT Times 무단전재 및 재배포 금지"
"<b>삼성전자</b> 갤럭시S24, '7가지 컬러'로 나오나",http://moneys.mt.co.kr/news/mwView.php?no=2023110315174916852,https://n.news.naver.com/mnews/article/417/0000959753?sid=105,<b>삼성전자</b> 내년 초 선보일 예정인 '갤럭시S24' 시리즈가 7가지 색상으로 나올 것이란 전망이 나왔다. 지난 2일(현지시각) 정보기술(IT) 팁스터(정보 유출자) 아이스유니버스는 갤럭시S24 시리즈 색상을 예측했다. 기본과... ,"Sat, 04 Nov 2023 05:50:00 +0900","[헬스S] 난소암 수술 전 면역항암제 치료… 암 성장 1.5배 억제 진행성 난소암 수술 전 면역항암제를 투여하면 치료 효과가 높아진다는 연구결과가 나왔다.4일 연세의료원에 따르면 이정윤·김성훈·김상운 연세암병원 부인암센터 교수(산부인과)와 박준식 연세대학교 의과대학 의생명과학부 교수 공동연구팀이 진행성 난소암 환자에게 수술 전 선행보조항암요법을 시행한 결과, 암이 더 이상 성장하지 않는 무진행생존기간이 기존 치료 대비 1.5배 증가했다. 이번 연구결과는 국제 학술지 ""암 면역요법 저널"" 최신호에 게재됐다.진행성 난소암은 종양을 직접 제거하는 외과 수술과 항암화학요법을 통해 치료한다. 3기 난소암은 보통 치료 후에도 저항성을 가진 암세포가 남아 재발이 빈번해, 치료 후 무진행생존기간은 평균 12개월밖에 되지 않는다. 연구팀은 연세암병원 등 국내 4개 의료기관에 등록된 3기 이상의 난소암 환자 23명을 대상으로 ""더발루맙""과 ""트레멜리무맙"" 두 가지 면역관문억제제를 백금기반 항암제와 함께 투여한 뒤 암 제거 수술을 진행했다. 더발루맙은 암세포에서.."
"<b>삼성전자</b>, 천안공장 차세대 HBM 생산능력 2배 이상 확대",https://www.etnews.com/20231103000214,https://n.news.naver.com/mnews/article/030/0003152674?sid=105,<b>삼성전자</b>가 천안공장 차세대 고대역폭메모리(HBM) 생산능력(CAPA)을 2배 이상 확대한다. <b>삼성</b>디스플레이 천안사업장 내 일부 건물을 인수해 HBM 생산시설로 활용한다. 5일 업계에 따르면 <b>삼성전자</b>가... ,"Fri, 03 Nov 2023 14:32:00 +0900","삼성전자가 천안공장 차세대 고대역폭메모리(HBM) 생산능력(CAPA)을 2배 이상 확대한다. 삼성디스플레이 천안사업장 내 일부 건물을 인수해 HBM 생산시설로 활용한다.



5일 업계에 따르면 삼성전자가 삼성디스플레이와 체결한 특수관계인과 자산양수 계약은 신규 HBM 생산라인 구축 목적으로 확인됐다. 삼성전자는 최근 105억원을 투입해 삼성디스플레이 천안사업장 내 일부 건물과 장비 등을 사들였다.



HBM은 여러 개의 D램을 수직으로 쌓아 데이터 처리 속도를 향상시킨 최선단 메모리 제품이다. 후공정 패키징 설비를 늘려야 제품 출하를 확대할 수 있다.



삼성전자는 첨단 반도체 패키징 주력의 천안공장을 중심으로 HBM 생산라인을 증설한다. 신규 라인에서 4세대(HBM3)·5세대(HBM3E) 등 차세대 HBM도 생산할 예정이다. 챗GPT로 대표되는 인공지능(AI) 서비스 확산으로 고성능 중앙처리장치(CPU)·그래픽처리장치(GPU)와 함께 HBM 수요도 급증했다.



앞서 삼성전자는 천안공장을 중심으로 HBM 생산능력을 내년 말까지 최소 2배 이상 확대하기로 하고 1조원 규모 장비를 발주했다. AI 반도체 응용처 확대를 고려한 엔비디아·AMD 등 글로벌 기업의 HBM 공급 확대 주문에 따른 결정이다.



실제 삼성전자는 3분기 실적 컨퍼런스콜에서 '내년 HBM 생산능력을 올해 대비 2.5배 늘린다'고 밝혔다. 수요보다 공급이 적은 상황을 타개하기 위해서다. 삼성전자는 이미 엔비디아·AMD 등을 상대로 내년 양산 예정인 HBM 공급 물량 전체에 대한 선주문을 받은 상황이다.



삼성전자 관계자는 “HBM 생산라인 확대 차원에서 삼성디스플레이 천안사업장 내 일부 시설을 양도 받은 것”이라며 “HBM 공급 안정화 차원으로 AI 시장 요구에 적극 대응할 계획”이라고 말했다.



현재 8단·12단 HBM3를 양산하고 있으며 8단 HBM3E 샘플 공급을 시작했다. 내년 1분기 중 12단 샘플 공급을 시작하는 등 5세대 HBM도 양산할 예정이다. 6세대 HBM(HBM4)은 2025년 양산을 목표로 한다. 향후 몇 년 간 HBM 공급이 부족할 것으로 예상되는 만큼 생산라인 추가 확대 가능성도 있다.



내년부터 HBM 시장 경쟁이 심화될 것으로 전망된다. 삼성전자와 SK하이닉스는 물론, 후발주자인 마이크론까지 합세해 차세대 HBM 등 기술 개발은 물론, 캐파 확대를 통한 시장점유율 경쟁이 이뤄질 것으로 보인다. SK하이닉스도 HBM 캐파를 두 배 이상 늘리고 있다.



시장조사업체 트렌드포스에 따르면 지난해 세계 HBM 시장 점유율은 SK하이닉스 50%, 삼성전자 40%, 마이크론 10%다. 그러나 경계현 삼성전자 DS부문 사장은 올해 임직원과 대화에서 이같은 점유율을 일축, “삼성의 HBM 점유율은 여전히 50% 이상”이라며 치열한 점유율 경쟁을 예고했다.



박종진 기자 truth@etnews.com"
"<b>삼성전자</b>, 부산서 '오디세이' 체험존 운영… LOL 유저 공략",http://www.seoulwire.com/news/articleView.html?idxno=520701,http://www.seoulwire.com/news/articleView.html?idxno=520701,롯데백화점 부산 본점에 위치한 '오디세이 체험존'을 방문한 고객이 <b>삼성전자</b> 게이밍 모니터를 체험하고 있다. 사진=<b>삼성전자</b> 제공 <b>삼성전자</b>가 '2023 리그 오브 레전드(League of Legends) 국제대회' 토너먼트... ,"Fri, 03 Nov 2023 17:04:00 +0900","롯데백화점 부산 본점에 위치한 '오디세이 체험존'을 방문한 고객이 삼성전자 게이밍 모니터를 체험하고 있다. 사진=삼성전자 제공

[서울와이어 정현호 기자] 삼성전자가 '2023 리그 오브 레전드(League of Legends) 국제대회' 토너먼트 스테이지에 맞춰 ‘오디세이 체험존’을 롯데백화점 부산 본점에서 오는 17일까지 운영할 예정이다.

삼성전자는 3일 오디세이 체험존 운영 계획을 밝혔다. 행사기간 삼성스토어 전 지점에선 ‘오디세이 네오 G9’·‘오디세이 OLED G9’·‘오디세이 아크’ 구매 고객엔 10만원 상당의 할인 혜택이 제공된다.

또 체험존이 위치한 롯데백화점 부산 본점 삼성스토어에서는 추가 10만원의 할인 혜택을 받을 수 있다.

체험존 방문객들은 세계 최초 듀얼 UHD 게이밍 모니터인 57형 오디세이 네오 G9와 강력하고 빠른 게임플레이를 지원하는 49형 오디세이 OLED G9을 직접 체험할 수 있다.

오디세이 네오 G9은 57형에 32:9 슈퍼 울트라 와이드 비율과 1000R 곡률, 듀얼 UHD(7680 x 2160) 해상도를 지원한다. 32형 크기의 UHD(3840 x 2160) 모니터 두 대를 나란히 붙여 놓은 것 같은 형태를 갖춰 편안한 게임 화면을 구현한다.

이외에도 삼성전자는 이번 행사에서 관심 고객 등록 및 해시태그 이벤트에 참여한 방문객을 대상으로 T1 및 오디세이 굿즈 등 다양한 상품을 선착순 제공할 방침이다."
"<b>삼성전자</b>, 부산에서 '오디세이 체험존' 운영",http://www.paxetv.com/news/articleView.html?idxno=189112,http://www.paxetv.com/news/articleView.html?idxno=189112,방문객들이 롯데백화점 부산 본점에 위치한 '오디세이 체험존'에서 삼성전자 게이밍 모니터를 체험하고 있다. [사진=<b>삼성전자</b>] <b>삼성전자</b>가 '2023 리그 오브 레전드(League of Legends) 국제대회' 토너먼트 스테이지에... ,"Fri, 03 Nov 2023 13:36:00 +0900","방문객들이 롯데백화점 부산 본점에 위치한 '오디세이 체험존'에서 삼성전자 게이밍 모니터를 체험하고 있다. [사진=삼성전자]

삼성전자가 '2023 리그 오브 레전드(League of Legends) 국제대회' 토너먼트 스테이지에 맞춰 '오디세이 체험존'을 롯데백화점 부산 본점에서 오는 17일까지 운영합니다.

방문객들은 오디세이 체험존에서 ▲세계 최초 듀얼 UHD 게이밍 모니터인 57형 '오디세이 네오 G9' ▲강력하고 빠른 게임플레이를 지원하는 49형 '오디세이 OLED G9'을 직접 체험해 볼 수 있습니다.

삼성전자는 행사기간에 삼성스토어 전 지점에서 '오디세이 네오 G9'·'오디세이 OLED G9'·'오디세이 아크' 구매 고객에게 10만원 할인 혜택을 제공하며, 체험존이 위치한 롯데백화점 부산 본점 삼성스토어에서는 추가 10만원 할인 혜택을 제공합니다.

이 밖에도 관심 고객 등록 및 해시태그 이벤트에 참여한 방문객을 대상으로 T1 및 오디세이 굿즈 등 다양한 상품을 선착순 제공합니다.

저작권자 © 팍스경제TV 무단전재 및 재배포 금지"
"<b>삼성전자</b>, 부산서 '오디세이 체험존' 운영",https://www.kmaeil.com/news/articleView.html?idxno=423426,https://www.kmaeil.com/news/articleView.html?idxno=423426,"삼성전자 부산 오디세이 체험존. 사진 = <b>삼성전자 삼성전자</b>는 3일, '2023 리그 오브 레전드(League of Legends) 국제대회' 토너먼트 스테이지에 맞춰 '오디세이 체험존'을 롯데백화점 부산 본점에서 오는 17일까지... ","Fri, 03 Nov 2023 10:22:00 +0900","삼성전자 부산 오디세이 체험존. 사진 = 삼성전자

[경인매일=이시은 인턴기자] 삼성전자는 3일, '2023 리그 오브 레전드(League of Legends) 국제대회' 토너먼트 스테이지에 맞춰 '오디세이 체험존'을 롯데백화점 부산 본점에서 오는 17일까지 운영한다고 밝혔다.

방문객들은 오디세이 체험존에서 ▲세계 최초 듀얼 UHD 게이밍 모니터인 57형 '오디세이 네오 G9' ▲강력하고 빠른 게임플레이를 지원하는 49형 '오디세이 OLED G9'을 직접 체험해 볼 수 있다.

삼성전자는 행사기간에 삼성스토어 전 지점에서 '오디세이 네오 G9'·'오디세이 OLED G9'·'오디세이 아크' 구매 고객에게 10만원 할인 혜택을 제공하며, 체험존이 위치한 롯데백화점 부산 본점 삼성스토어에서는 추가 10만원 할인 혜택을 제공한다.

이 밖에도 관심 고객 등록 및 해시태그 이벤트에 참여한 방문객을 대상으로 T1 및 오디세이 굿즈 등 다양한 상품을 선착순 제공한다.

저작권자 © 경인매일 - 세력에 타협하지 않는 신문 무단전재 및 재배포 금지"
"<b>삼성전자</b>, 롯데백화점 부산 본점서 '오디세이 체험존' 운영",https://www.viva100.com/main/view.php?key=20231103010000832,https://www.viva100.com/main/view.php?key=20231103010000832,"<b>삼성전자</b>, 롯데백화점 부산 본점서 '오디세이 체험존' 운영 <b>삼성전자</b>는 ‘2023 리그 오브 레전드 국제대회’ 토너먼트 스테이지에 맞춰 롯데백화점 부산 본점에서 ‘오디세이 체험존’을 오는 17일까지 운영한다고 3일... ","Fri, 03 Nov 2023 09:34:00 +0900","방문객들이 롯데백화점 부산 본점에 위치한 ‘오디세이 체험존’에서 삼성전자 게이밍 모니터를 체험하고 있다.(사진제공=삼성전자)

삼성전자는 ‘2023 리그 오브 레전드 국제대회’ 토너먼트 스테이지에 맞춰 롯데백화점 부산 본점에서 ‘오디세이 체험존’을 오는 17일까지 운영한다고 3일 밝혔다.



오디세이 체험존에서는 △세계 최초 듀얼 UHD 게이밍 모니터 57형 ‘오디세이 네오 G9’ △강력하고 빠른 게임플레이를 지원하는 49형 ‘오디세이 OLED G9’을 직접 체험해 볼 수 있다.



삼성전자는 행사기간 삼성스토어 전 지점에서 ‘오디세이 네오 G9’·‘오디세이 OLED G9’·‘오디세이 아크’ 구매 고객에게 10만원 할인 혜택을 제공하며, 체험존이 위치한 롯데백화점 부산 본점 삼성스토어에서는 추가 10만원 할인 혜택을 제공한다.



삼성전자 관계자는 “관심 고객 등록 및 해시태그 이벤트에 참여한 방문객을 대상으로 T1 및 오디세이 굿즈 등 다양한 상품도 선착순 제공할 예정”이라고 말했다.



전화평 기자 peace201@viva100.com"
"<b>삼성전자</b>, 부산서 '오디세이 체험존' 운영",https://www.cstimes.com/news/articleView.html?idxno=566175,https://www.cstimes.com/news/articleView.html?idxno=566175,방문객들이 롯데백화점 부산 본점에 위치한 '오디세이 체험존'에서 <b>삼성전자</b> 게이밍 모니터를 체험하고 있다. 컨슈머타임스=김윤호 기자 | <b>삼성전자</b>(대표이사 한종희·경계현)가 '2023 리그 오브 레전드(League of... ,"Fri, 03 Nov 2023 08:12:00 +0900","방문객들이 롯데백화점 부산 본점에 위치한 '오디세이 체험존'에서 삼성전자 게이밍 모니터를 체험하고 있다.

컨슈머타임스=김윤호 기자 | 삼성전자(대표이사 한종희·경계현)가 '2023 리그 오브 레전드(League of Legends) 국제대회' 토너먼트 스테이지에 맞춰 '오디세이 체험존'을 롯데백화점 부산 본점에서 오는 17일까지 운영한다.

방문객들은 오디세이 체험존에서 △세계 최초 듀얼 UHD 게이밍 모니터인 57형 '오디세이 네오 G9' △강력하고 빠른 게임플레이를 지원하는 49형 '오디세이 OLED G9'을 직접 체험해 볼 수 있다.

삼성전자는 행사기간에 삼성스토어 전 지점에서 '오디세이 네오 G9'·'오디세이 OLED G9'·'오디세이 아크' 구매 고객에게 10만원 할인 혜택을 제공하며, 체험존이 위치한 롯데백화점 부산 본점 삼성스토어에서는 추가 10만원 할인 혜택을 제공한다.

이 밖에도 관심 고객 등록 및 해시태그 이벤트에 참여한 방문객을 대상으로 T1 및 오디세이 굿즈 등 다양한 상품을 선착순 제공한다.

저작권자 © 컨슈머타임스(Consumertimes) 무단전재 및 재배포 금지"
"<b>삼성전자</b>, 부산에서 ‘오디세이 체험존’ 운영",https://www.cnbnews.com/news/article.html?no=627123,https://www.cnbnews.com/news/article.html?no=627123,방문객들이 롯데백화점 부산 본점에 위치한 '오디세이 체험존'에서 삼성전자 게이밍 모니터를 체험하고 있다. (사진=<b>삼성전자</b>) <b>삼성전자</b>가 ‘2023 리그 오브 레전드(League of Legends) 국제대회’ 토너먼트 스테이지에... ,"Fri, 03 Nov 2023 09:14:00 +0900","방문객들이 롯데백화점 부산 본점에 위치한 '오디세이 체험존'에서 삼성전자 게이밍 모니터를 체험하고 있다. (사진=삼성전자)

삼성전자가 ‘2023 리그 오브 레전드(League of Legends) 국제대회’ 토너먼트 스테이지에 맞춰 ‘오디세이 체험존’을 롯데백화점 부산 본점에서 오는 17일까지 운영한다고 3일 밝혔다.



방문객들은 오디세이 체험존에서 ▲세계 최초 듀얼 UHD 게이밍 모니터인 57형 ‘오디세이 네오 G9’ ▲강력하고 빠른 게임플레이를 지원하는 49형 ‘오디세이 OLED G9’을 직접 체험해 볼 수 있다.



삼성전자는 행사기간에 삼성스토어 전 지점에서 ‘오디세이 네오 G9’·‘오디세이 OLED G9’·‘오디세이 아크’ 구매 고객에게 10만원 할인 혜택을 제공하며, 체험존이 위치한 롯데백화점 부산 본점 삼성스토어에서는 추가 10만원 할인 혜택을 제공한다.



이 밖에도 관심 고객 등록 및 해시태그 이벤트에 참여한 방문객을 대상으로 T1 및 오디세이 굿즈 등 다양한 상품을 선착순 제공한다."
한종희 “기술 선도가 <b>삼성전자</b> 최고의 가치”,http://www.segye.com/newsView/20231101519810?OutUrl=naver,https://n.news.naver.com/mnews/article/022/0003870782?sid=101,창립 54주년 기념식서 강조 “초격차·품질 최우선… 미래 대비” 2주간 전 임직원 나눔위크 캠페인 한종희 <b>삼성전자</b> 대표이사 부회장이 “시대가 변해도 기술 선도는 <b>삼성전자</b> 최고의 가치이며 품질은 양보할 수 없는... ,"Thu, 02 Nov 2023 06:04:00 +0900","한종희 삼성전자 대표이사 부회장이 “시대가 변해도 기술 선도는 삼성전자 최고의 가치이며 품질은 양보할 수 없는 핵심 경쟁력”이라며 기술 ‘초격차’를 유지하고 미래 경쟁력을 강화할 것을 주문했다.



한 부회장은 1일 경기 수원 디지털시티에서 열린 삼성전자 창립 54주년 기념식에서 “기술과 품질은 최우선으로 지켜야 하는 본원적 경쟁력”이라며 이같이 말했다.

한종희 삼성전자 대표이사 부회장이 1일 삼성전자 수원 디지털시티에서 열린 삼성전자 창립 54주년 기념식에서 기념사를 전하고 있다. 삼성전자 제공

한 부회장은 “지금과 같은 불황기에는 단기적 성과에 집착하기 쉽지만 삼성전자에 내재한 도전과 혁신의 DNA를 발전시킬 기회로 활용해야 한다”며 “기술 우위를 확보하기 위한 투자는 언제나 최우선으로 추진하고, 기술 격차를 바탕으로 확보한 재원을 연구개발에 재투자해 성장 기반을 강화하는 선순환 구조를 구축하자”고 주문했다.



삼성전자는 전날 3분기 실적 발표에서 올해 누적 시설투자액이 연간 사상 최대인 53조7000억원에 달할 것이라고 밝혔다. 3분기까지 시설투자에 36조7000억원이 들었고, 올 4분기 17조원 대부분은 반도체에 투입해 내년부터 본격화할 반도체 시장 회복기에 대비한다는 포석이다.

삼성전자는 창립 54주년을 맞아 이날부터 2주간 삼성 전 관계사 임직원이 봉사활동에 참여하는 ‘나눔위크’ 캠페인을 진행한다. ‘같이 나누고 함께 성장하는 것이 세계 최고를 향한 길’이라는 이재용 삼성전자 회장의 ‘동행’ 철학을 실천하기 위해 임직원들은 나눔키오스크를 통한 기부, 사업장 인근 지역 사회 봉사, 헌혈 등에 나선다.



이날 기념식에는 한 부회장과 함께 디바이스경험(DX)·반도체(DS) 부문 사업부장 등 경영진과 임직원 400여명이 참석했다. 이 회장은 예년처럼 참석하지 않았다.

이동수 기자 ds@segye.com

[ⓒ 세계일보 & Segye.com, 무단전재 및 재배포 금지]"
"<b>삼성전자</b>, 롯데백화점 부산 본점서 ‘오디세이 체험존’ 운영",http://www.breaknews.com/996224,http://www.breaknews.com/996224,"브레이크뉴스 정민우 기자= <b>삼성전자</b>가 ‘2023 리그 오브 레전드(League of Legends) 국제대회’ 토너먼트 스테이지에 맞춰, ‘오디세이 체험존’을 롯데백화점 부산... ","Fri, 03 Nov 2023 13:04:00 +0900","

브레이크뉴스 정민우 기자= 삼성전자가 ‘2023 리그 오브 레전드(League of Legends) 국제대회’ 토너먼트 스테이지에 맞춰, ‘오디세이 체험존’을 롯데백화점 부산 본점에서 이달 17일까지 운영한다.

방문객들은 오디세이 체험존에서 세계 최초 듀얼 UHD 게이밍 모니터인 57형 ‘오디세이 네오 G9’, 강력하고 빠른 게임플레이를 지원하는 49형 ‘오디세이 OLED G9’을 직접 체험해 볼 수 있다.

삼성전자는 행사기간에 삼성스토어 전 지점에서 △오디세이 네오 G9 △오디세이 OLED G9 △오디세이 아크 구매 고객에게 10만원 할인 혜택을 제공하며, 체험존이 위치한 롯데백화점 부산 본점 삼성스토어에서는 추가 10만원 할인 혜택을 제공한다.

이 밖에도 관심 고객 등록 및 해시태그 이벤트에 참여한 방문객을 대상으로 T1 및 오디세이 굿즈 등 다양한 상품을 선착순 제공한다.

break9874@naver.com

*아래는 위 기사를 '구글 번역'으로 번역한 영문 기사의 [전문]입니다. '구글번역'은 이해도 높이기를 위해 노력하고 있습니다. 영문 번역에 오류가 있을 수 있음을 전제로 합니다.<*The following is [the full text] of the English article translated by 'Google Translate'. 'Google Translate' is working hard to improve understanding. It is assumed that there may be errors in the English translation.>

Samsung Electronics operates ‘Odyssey Experience Zone’ at Lotte Department Store Busan headquarters

Break News Reporter Jeong Min-woo= Samsung Electronics will operate the ‘Odyssey Experience Zone’ at the Lotte Department Store Busan main branch until the 17th of this month in line with the tournament stage of the ‘2023 League of Legends International Competition’.

At the Odyssey Experience Zone, visitors can directly experience the 57-inch ‘Odyssey Neo G9’, the world’s first dual UHD gaming monitor, and the 49-inch ‘Odyssey OLED G9’, which supports powerful and fast gameplay.

During the event period, Samsung Electronics will provide a 100,000 won discount to customers who purchase the Odyssey Neo G9, Odyssey OLED G9, and Odyssey Arc at all Samsung Store branches, and an additional 100,000 won discount will be provided at the Lotte Department Store Busan Main Branch Samsung Store, where the experience zone is located. to provide.

In addition, various products such as T1 and Odyssey goods are provided on a first-come, first-served basis to visitors who register as interested customers and participate in the hashtag event."
"<b>삼성전자</b>, 부산에서 '오디세이 체험존' 운영",http://www.insightkorea.co.kr/news/articleView.html?idxno=122006,http://www.insightkorea.co.kr/news/articleView.html?idxno=122006,방문객들이 롯데백화점 부산 본점에 위치한 '오디세이 체험존'에서 삼성전자 게이밍 모니터를 체험하고 있다. &lt;<b>삼성전자</b>&gt;  <b>삼성전자</b>가 '2023 리그 오브 레전드(League of Legends) 국제대회' 토너먼트 스테이지에 맞춰... ,"Fri, 03 Nov 2023 13:02:00 +0900","방문객들이 롯데백화점 부산 본점에 위치한 ‘오디세이 체험존’에서 삼성전자 게이밍 모니터를 체험하고 있다. <삼성전자>

[인사이트코리아=장원수 기자] 삼성전자가 ‘2023 리그 오브 레전드(League of Legends) 국제대회’ 토너먼트 스테이지에 맞춰 ‘오디세이 체험존’을 롯데백화점 부산 본점에서 오는 17일까지 운영한다.

방문객들은 오디세이 체험존에서 ▲세계 최초 듀얼 UHD 게이밍 모니터인 57형 ‘오디세이 네오 G9’ ▲강력하고 빠른 게임플레이를 지원하는 49형 ‘오디세이 OLED G9’을 직접 체험해 볼 수 있다.

삼성전자는 행사기간에 삼성스토어 전 지점에서 ‘오디세이 네오 G9’ ‘오디세이 OLED G9’ ‘오디세이 아크’ 구매 고객에게 10만원 할인 혜택을 제공하며, 체험존이 위치한 롯데백화점 부산 본점 삼성스토어에서는 추가 10만원 할인 혜택을 제공한다.

이 밖에도 관심 고객 등록 및 해시태그 이벤트에 참여한 방문객을 대상으로 T1 및 오디세이 굿즈 등 다양한 상품을 선착순 제공한다.

"
"<b>삼성전자</b>, '갤럭시 탭 A9+' 출시…갤탭A 최초 5G 탑재",http://www.newsis.com/view/?id=NISX20231101_0002504257&cID=13005&pID=13100,https://n.news.naver.com/mnews/article/003/0012180925?sid=105,<b>삼성전자</b>가 실용적인 성능과 합리적인 가격을 갖춘 보급형 태블릿 '갤럭시 탭 A9+'를 2일 국내 출시한다. 갤럭시 탭 A9+는 278.2㎜ 크기의 스크린에 최대 90㎐ 주사율을 지원하는 디스플레이를 탑재해 부드럽고 몰입감... ,"Wed, 01 Nov 2023 08:29:00 +0900","소설가 윤고은 ""주인공 작품 불태우는 나는 '못된 작가'""[신재우의 작가만세]"
"<b>삼성전자</b>, 부산서 '오디세이 체험존' 열어…세계 최초 듀얼 UHD 체험",http://www.newspim.com/news/view/20231103000045,http://www.newspim.com/news/view/20231103000045,<b>삼성전자</b>는 '2023 리그 오브 레전드(League of Legends) 국제대회' 토너먼트 스테이지에 맞춰 '오디세이 체험존'을 롯데백화점 부산 본점에서 오는 17일까지 운영한다고 3일 밝혔다. 방문객들은 오디세이 체험존에서 세계... ,"Fri, 03 Nov 2023 08:24:00 +0900","[서울=뉴스핌] 배정원 기자 = 국민의힘이 내년 총선을 앞두고 경기 김포시의 서울 편입을 당론으로 추진하기로 하면서 현실화 여부에 관심이 쏠리고 있다. 국민의힘은 의원입법 형태로 직접 법안발의에 나서 추진 속도를 높이겠다는 복안이다. 다수석인 더불어민주당이 반대할 가능성을 배제할 수 없으나, 총선을 앞둔 만큼 민주당 역시 '민심'을 수용할 것으로 전망된다. 31일 정치권에 따르면 김기현 국민의힘 대표는 전날 수도권 신도시 교통 대책 마련 간담회에서 ""당 내부에서 검토한 결과 김포를 서울에 편입하는 것이 바람직하다는 결론을 내렸다""고 밝혔다. 김포시를 서울로 편입시키기 위해서는 우선 행정구역 변경을 위한 법안 발의가 필요하다. 정부가 발의하는 경우 김포시·서울시·경기도 지방의회의 동의를 얻거나 주민투표를 실시하는 절차를 거쳐야 한다. 지방자치법 제5조 제3항에 따르면 지방자치단체를 폐지하거나 설치하거나 나누거나 합칠 때, 지방자치단체의 구역을 변경할 때, 지방자치단체의 명칭을 변경할 때에는 관계 지방의회의 의견을 들어야 한다. 주민투표를 하는 경우에는 지방의회의 의견을 듣지 않아도 된다. 이 때 김포시·서울시·경기도 각 지방의회의 동의를 모두 얻어야 한다는 점, 주민투표의 경우 막대한 예산소요와 주민 간 분쟁이 표출할 수 있다는 점에서 난항이 예상된다. 실제로 지난 2021년 경북 군위군의 대구 편입 과정에서 경상북도의회는 관할구역 변경에 대한 찬성안과 반대안을 모두 부결시킨 적 있다. 이 단계를 통과하면 김포시·서울시·경기도 지방의회의 의견을 수렴한 행정안전부가 김포시의 관할구역을 변경하는 내용의 법안을 국회에 제출한다. 해당 법안이 통과되면 국무회의 의결을 거쳐 최종 발효된다. 주택경기 회복기에도 김포시 아파트값이 하락세를 지속하고 있다. 김포한강신도시 모습. [사진=이동훈기자] 현재로선 국회에서 의원입법 형태로 발의하는 방법이 유력하다. 단적으로, 윤재옥 국민의힘 원내대표는 이날 오전 원내대책회의 직후 기자들과 만나 ""당 정책위원회에서 검토할 것으로 알고 있고 아무래도 의원입법 형태가 될 가능성이 크다""고 말했다. 행안부에서 나설 경우 거쳐야 할 복잡한 절차가 많기 때문에 당 차원에서 직접 법안발의에 나서겠다는 것이다. 다만 두 경우 모두 더불어민주당이 반대할 경우 법안 통과가 어려울 수 있다. 그러나 총선을 앞두고 있는 만큼 민주당에서도 지역 민심을 쉽게 외면할 수 없는 상황이다. 민심 외면 시 총선 실패 등 더 큰 부작용이 나올 것으로 예상된다. 특히 서울 '메가 시티'라는 측면에서 서울시 발전과 더불어 총선 실익을 염두해야 하는 상황으로 읽힌다. 윤 원내대표는 '선거용 전략'이라는 민주당의 비판에 대해 ""김포시장을 비롯한 김포의 공적 책임을 맡고 있는 분들이 이미 서울 편입을 해야 한다는 주장을 해오고 있었기 때문에 당에서 판단한 결과 김포는 서울시로 편입하는 것이 지역 주민들을 위해서 바람직하다고 결론을 내린 것""이라며 ""정당 입장에서는 요구사항에 응답하는 것이 의무""라고 반박했다. 국회에서 법안이 통과하면 김포시는 서울 편입이 가능해진다. 관할 구역이 변경됨에 따라 기존에 김포시에서 이뤄지던 지방세(주민세, 재산세, 자동차세, 지방소득세 등)에 대한 보정과 주민등록, 전산시스템 등에 대한 재정비가 필요하다. 김포 외에도 현재 광명시, 구리시, 일산시, 과천시 등이 서울 편입에 거론되고 있다. 지방자치분권 및 지역균형발전에 관한 특별법 제48조에 따르면 불이익배제 원칙에 의해 지자체 통합으로 인하여 종전의 지자체 또는 지역의 행정, 재정상 이익이 상실되거나 그 지역 주민에게 새로운 부담이 추가돼서는 안된다고 규정하고 있다. 이런 가운데, 김포시는 서울 편입에 사활을 걸고 이미 본격적인 공론화 작업에 나선 상황이다. 김포시는 11월부터 도심·농촌지역 주민들과 관계기관 등을 대상으로 대시민 간담회를 진행할 예정이다. 또한 지방자치와 행정 분야 전문가들을 초청해 서울 편입의 정당성을 다루는 토론회와 김포를 지역구로 둔 경기도의회 의원과 김포시의회 의원들을 대상으로 간담회도 개최하겠다고 밝혔다. 오세훈 서울시장도 내주 초 김병수 김포시장을 만나 편입방안과 관련한 논의를 진행할 방침이다. 반면 김동연 경기도지사는 김포시의 서울 편입에 대해 반대 입장을 밝힌 바 있다. jeongwon1026@newspim.com"
"<b>삼성전자</b>, 3분기 2.4조 영업익…메모리 저점 인식 확산",http://www.newsis.com/view/?id=NISX20231031_0002502687&cID=13001&pID=13000,https://n.news.naver.com/mnews/article/003/0012178374?sid=101,"<b>삼성전자</b>는 31일 올해 3분기 연결 기준 매출 67조4047조원, 영업이익 2조4336원의 실적을 기록했다고 밝혔다. 매출은 전년 같은 기간 76조7817억원보다 12.2% 감소했고, 영업익도 10조8520억원 대비 77.6% 줄었다. 다만 전... ","Tue, 31 Oct 2023 09:33:00 +0900","소설가 윤고은 ""주인공 작품 불태우는 나는 '못된 작가'""[신재우의 작가만세]"
"<b>삼성전자</b>, 3분기 2.4조 영업익…메모리 저점 인식 확산(종합)",http://www.newsis.com/view/?id=NISX20231031_0002503222&cID=13001&pID=13000,https://n.news.naver.com/mnews/article/003/0012179397?sid=101,이현주 이인준 동효정 기자 = <b>삼성전자</b>가 전 세계적인 반도체 한파 속에서 악전고투하면서도 지난 3분기(7~9월) 조 단위 영업이익을 회복하는데 성공했다. 메모리 업황 침체에도 감산을 통해 가격 하락세를 방어하고... ,"Tue, 31 Oct 2023 12:42:00 +0900","[서울=뉴시스] 삼성전자가 3분기 연결 기준 매출 67조4047조원, 영업이익 2조4336원의 실적을 기록했다. 사업부문별로 보면 DS부문 영업이익이 전 분기 대비 적자 폭을 6100억원 가량 줄였다. (그래픽=안지혜 기자) hokma@newsis.com"
"<b>삼성전자</b>, 부산에서 '오디세이 체험존' 운영",http://www.gvalley.co.kr/news/articleView.html?idxno=612741,http://www.gvalley.co.kr/news/articleView.html?idxno=612741,사진=<b>삼성전자</b> G밸리뉴스 오아름 기자= <b>삼성전자</b>가 '2023 리그 오브 레전드(League of Legends) 국제대회' 토너먼트 스테이지에 맞춰 '오디세이 체험존'을 롯데백화점 부산 본점에서 오는 17일까지 운영한다. 방문객들은... ,"Fri, 03 Nov 2023 09:00:00 +0900","부산 오디세이 체험존. 사진=삼성전자

G밸리뉴스 오아름 기자= 삼성전자가 ‘2023 리그 오브 레전드(League of Legends) 국제대회’ 토너먼트 스테이지에 맞춰 ‘오디세이 체험존’을 롯데백화점 부산 본점에서 오는 17일까지 운영한다.

방문객들은 오디세이 체험존에서 ▲세계 최초 듀얼 UHD 게이밍 모니터인 57형 ‘오디세이 네오 G9’ ▲강력하고 빠른 게임플레이를 지원하는 49형 ‘오디세이 OLED G9’을 직접 체험해 볼 수 있다.

삼성전자는 행사기간에 삼성스토어 전 지점에서 ‘오디세이 네오 G9’·‘오디세이 OLED G9’·‘오디세이 아크’ 구매 고객에게 10만원 할인 혜택을 제공하며, 체험존이 위치한 롯데백화점 부산 본점 삼성스토어에서는 추가 10만원 할인 혜택을 제공한다.

이 밖에도 관심 고객 등록 및 해시태그 이벤트에 참여한 방문객을 대상으로 T1 및 오디세이 굿즈 등 다양한 상품을 선착순 제공한다."
"<b>삼성전자</b>, 부산서 '오디세이 체험 존' 운영",http://www.wolyo.co.kr/news/articleView.html?idxno=231513,http://www.wolyo.co.kr/news/articleView.html?idxno=231513,사진=<b>삼성전자</b> ［월요신문=곽민구 기자］<b>삼성전자</b>는 오는 17일까지 2023 리그 오브 레전드(League of Legends) 국제 대회 토너먼트 스테이지에 맞춰 롯데백화점 부산 본점에서 '오디세이 체험 존'을 운영한다고 3일... ,"Fri, 03 Nov 2023 10:54:00 +0900","사진=삼성전자

［월요신문=곽민구 기자］삼성전자는 오는 17일까지 2023 리그 오브 레전드(League of Legends) 국제 대회 토너먼트 스테이지에 맞춰 롯데백화점 부산 본점에서 '오디세이 체험 존'을 운영한다고 3일 밝혔다.

방문객들은 오디세이 체험 존에서 세계 최초 듀얼 UHD 게이밍 모니터인 57형 오디세이 네오 G9와 49형 오디세이 OLED G9을 직접 체험해 볼 수 있다.

삼성전자는 행사 기간에 삼성스토어 전 지점에서 오디세이 네오 G9·오디세이 OLED G9·오디세이 아크 구매 고객에게 할인 혜택을 제공하며, 체험 존이 위치한 롯데백화점 부산 본점 삼성스토어에서는 추가 할인 혜택을 지원한다.

이외에도 관심 고객 등록 및 해시 태그 이벤트에 참여한 방문객을 대상으로 T1 및 오디세이 굿즈 등 다양한 상품을 선착순 제공한다."
<b>삼성전자</b> 'HBM 공급 확대 전략'…시장 판도 바꾼다,http://www.newspim.com/news/view/20231103000802,http://www.newspim.com/news/view/20231103000802,<b>삼성전자</b>가 올해 말과 내년 고대역폭메모리(HBM) 공급을 대폭 확대할 예정인 가운데 HBM 시장에서 앞서나가고 있는 SK하이닉스를 따라잡을 수 있을 지 업계의 관심이 커지고 있다. 3일 관련 업계에 따르면 <b>삼성전자</b>는... ,"Fri, 03 Nov 2023 15:32:00 +0900","[서울=뉴스핌] 이지용 기자 = 삼성전자가 올해 말과 내년 고대역폭메모리(HBM) 공급을 대폭 확대할 예정인 가운데 HBM 시장에서 앞서나가고 있는 SK하이닉스를 따라잡을 수 있을 지 업계의 관심이 커지고 있다.

3일 관련 업계에 따르면 삼성전자는 지난달 31일 3분기 실적발표 컨퍼런스콜을 통해 내년 HBM 공급 물량을 올해 대비 2.5배 늘릴 것이라는 계획을 밝혔다. 이는 업계 최고 수준이다. 삼성전자는 이미 주요 고객사와 공급 협의까지 마친 상태라고 전했다.

삼성전자는 4세대 제품인 HBM3는 올해 4분기부터 고객사 확보를 통해 공급을 확대하며 24GB 8단 5세대 HBM3E는 내년 상반기 양산을 시작할 예정이다. 삼성전자는 내년 상반기에 HBM3가 자체 HBM 물량의 과반을 넘을 것으로 보고 있다. HBM 제품에 대한 인공지능(AI) 시장 요구가 커지면서 HBM3E 등 차세대 HBM 제품으로 급격한 전환을 하고 있는 것이다.

삼성전자는 올해 4분기와 내년 사이 이 같은 공격적인 HBM 공급 확대를 통해 SK하이닉스를 추월하고 시장 주도권을 잡겠다는 강력한 의지를 내비친 것으로 풀이된다. 현재 시장에서는 SK하이닉스가 50%의 글로벌 HBM 점유율을 차지, 삼성전자(40%)보다 기술력과 입지 등에서 앞서고 있는 것으로 평가하고 있다.

삼성전자가 HBM 시장에서 SK하이닉스를 따라잡을 수 있을 지 업계의 관심이 커지고 있다. 사진은 지난달 20일(현지시간) 미국 실리콘밸리에서 열린 '삼성 메모리 테크 데이 2023'에서 이정배 삼성전자 메모리사업부 사장이 발표를 하고 있는 모습. [사진=삼성전자]

SK하이닉스가 HBM의 높은 수익성 등을 토대로 올해 3분기 적자 폭을 1조원 대로 줄여 흑자전환이 가시화되고 있는 만큼, 3조7500억원의 반도체 적자를 낸 삼성전자는 HBM을 통한 반등이 시급하다. 전체 D램 중 HBM이 차지하는 비중이 현재 10%에서 내년 50% 이상으로 확대될 것으로 보여 양사의 치열한 경쟁이 이뤄질 전망이다. 삼성전자가 공격적인 HBM 시장 공략에 나선 가운데, 내년에 SK하이닉스를 얼마나 따라잡을 수 있을 지가 향후 HBM 시장 판도를 예측할 수 있는 기준이 될 것이라는 평가도 나온다.

이런 가운데 업계에서는 내년 HBM 시장에서 삼성전자가 공급 확대를 통해 SK하이닉스를 당장 추월하기에는 시기상조일 수 있다는 분석을 내놓고 있다. 지난 10년간 꾸준히 HBM 개발에 투자한 SK하이닉스와의 기술력 차이가 아직 있는 만큼 공급 확대 효과 만으로는 아직 부족하다는 것이다.

또 SK하이닉스의 시장 선점 효과와 선제적인 제품 신뢰도 확보 등도 단기간 HBM 시장 구도 변화를 꾀하기 어려운 요인으로 작용할 수 있다.

SK하이닉스는 삼성전자에 약 1년 앞선 지난해 6월부터 HBM3 양산을 먼저 시작하면서 엔비디아 등 글로벌 빅테크 기업에 HBM3를 독점 공급하고 있다. 1년의 기간 동안 시장에 먼저 뛰어들어 기술력 등에 신뢰를 쌓을 수 있었던 셈이다. SK하이닉스는 HBM3 양산 과정을 통해 발열 제어와 고객 사용 편의성 등을 높인 것으로 알려졌다.

삼성전자가 올해 말과 내년에 걸쳐 고대역폭메모리(HBM) 공급을 대폭 확대할 예정인 가운데 HBM 시장에서 앞서나가고 있는 SK하이닉스를 따라잡을 수 있을 지 업계의 관심이 커지고 있다. 사진은 삼성전자 로고(위)와 SK 하이닉스 로고(아래). [사진=뉴스핌DB]

김용석 반도체공학회 부회장(성균관대 전자전기공학부 교수)은 ""현재 SK하이닉스가 워낙 HBM의 기술력 측면에서 앞서고 있어 삼성전자가 공급 물량을 늘린다고 해도 한 번에 시장 구도를 뒤집기는 어려울 것으로 본다""며 ""아무래도 시간은 걸릴 수 밖에 없을 것""이라고 분석했다.

이종환 상명대 시스템반도체공학과 교수는 ""SK하이닉스를 추월하기 위한 HBM 공급 물량을 계산해 삼성이 내년 2.5배 공급 확대 등에 나선 것으로 볼 수 있다""고 말했다.

그러면서 ""삼성전자가 내년 1분기에 HBM에서 성과를 어느 정도 낼 수 있을 지가 중요한 만큼 우선은 지켜봐야 할 것""이라며 ""기술 경쟁력을 감안하면 당장 따라잡기는 쉽지 않을 수 있다""고 설명했다.

다만, 장기적 관점에서 보면 삼성전자가 결국 시장 판도를 뒤집을 것이라는 전망도 나온다. 삼성전자가 SK하이닉스에 비해 그 동안 연구개발 투자에 많은 힘을 쏟지 않았던 것으로 평가 받는 만큼 투자가 본격화되면 시장 주도권을 가져올 수 있다는 관측이다. 삼성전자는 천안 HBM 신규 패키징 라인을 신설해 고도화하는 등 신규 설비투자를 비롯해 연구개발 투자 확대에도 나설 예정이다.

SK하이닉스는 투자 효율성 및 재무건전성 등을 고려해 시설투자 증가분을 최소화할 예정으로 삼성전자보다는 보수적인 투자 기조를 보이고 있다.

김용석 부회장은 ""언제가 될 지 판단하기는 어렵지만 삼성이 당초 반도체 사업에 저력을 가지고 있는 만큼 기술 투자 등을 지속하면 결국에는 시장을 주도할 수 있다""고 말했다.

한 업계 관계자는 ""앞으로 삼성은 어떤 제품보다 HBM에 집중 투자에 나설 것으로 보여 장기적으로 HBM 시장 판도는 언제든 바뀔 수 있을 것 같다""고 말했다.

leeiy5222@newspim.com"
"<b>삼성전자</b>, '미세먼지 ALL 클린' 프로모션 전개",http://www.newsworker.co.kr/news/articleView.html?idxno=304998,http://www.newsworker.co.kr/news/articleView.html?idxno=304998,<b>삼성전자</b>는 이달 30일까지 전국 <b>삼성</b>스토어에서 '미세먼지 All 클린 프로모션'을 실시한다. 이번 프로모션은 11월 고농도의 미세먼지가 유입될 것으로 전망됨에 따라 보다 많은 소비자들이 '비스포크 큐브 Air'로... ,"Fri, 03 Nov 2023 14:56:00 +0900","가을철 실내 공기질 관리에 효과적인 공기청정기 '비스포크 큐브 Air'

삼성전자는 이달 30일까지 전국 삼성스토어에서 '미세먼지 All 클린 프로모션'을 실시한다. 이번 프로모션은 11월 고농도의 미세먼지가 유입될 것으로 전망됨에 따라 보다 많은 소비자들이 '비스포크 큐브 Air'로 공기질을 관리할 수 있도록 마련되었다.

프로모션 기간 중 비스포크 큐브 Air 123㎡형 모델을 구매하면 최대 10만원 상당의 포인트가 제공된다. 비스포크 큐브 Air 등 삼성전자의 가전제품을 2품목 이상 함께 구매하는 고객들에게는 '삼성전자 다품목 패키지' 혜택이 적용되어 최대 20만원 상당의 포인트를 받을 수 있다. 또한 삼성전자는 오는 26일까지 삼성전자 인스타그램 채널을 통해 '미세먼지 시즌, 돌아온 에어특공대 이벤트'도 진행한다. 비스포크 큐브 Air의 캐릭터 '에어특공대'와 함께하는 3개의 콘텐츠를 통해 ▲AI 루틴 ▲트리플 청정 ▲공간 맞춤 등 큐브 Air만의 특화 기능들을 소개한다. 해당 콘텐츠를 개인 SNS에 업로드하면 추첨을 통해 외식상품권 등 풍성한 경품을 증정한다.

삼성전자 한국총괄 황태환 부사장은 ""11월 시작과 함께 찾아온 미세먼지 소식에 소비자들의 걱정을 해소하기 위해 이번 프로모션을 준비했다""며 ""비스포크 큐브 Air의 차별화된 청정 기능으로 온 가족이 쾌적한 공간을 경험해 보시기를 바란다""고 전했다."
"&quot;효과적 미세먼지 관리&quot;…<b>삼성전자</b>, '미세먼지 올 클린' 프로모션 진행",http://www.inews24.com/view/1649836,https://n.news.naver.com/mnews/article/031/0000784818?sid=101,<b>삼성전자</b>가 가을철 실내 공기질 관리에 효과적인 공기청정기 '비스포크 큐브 에어'를 보다 특별한 혜택으로 만나볼 수 있는 행사를 실시한다. <b>삼성전자</b>는 이달 말까지 전국 <b>삼성</b>스토어에서 '미세먼지 올 클린 프로모션'을... ,"Fri, 03 Nov 2023 10:50:00 +0900","[아이뉴스24 권용삼 기자] 삼성전자가 가을철 실내 공기질 관리에 효과적인 공기청정기 '비스포크 큐브 에어'를 보다 특별한 혜택으로 만나볼 수 있는 행사를 실시한다.

삼성전자 공기청정기 '비스포크 큐브 에어' 제품 이미지. [사진=삼성전자]

삼성전자는 이달 말까지 전국 삼성스토어에서 '미세먼지 올 클린 프로모션'을 진행한다고 3일 밝혔다.

이번 프로모션은 11월 고농도의 미세먼지가 유입될 것으로 전망됨에 따라 보다 많은 소비자들이 '비스포크 큐브 에어'를 통해 효과적인 공기질 관리할 수 있도록 마련됐다.

'비스포크 큐브 에어'는 인공지능(AI) 기술을 기반으로 사용자 맞춤형 공기질 관리가 가능한 공기청정기이다. '맞춤청정 AI+' 기능으로 전원이 꺼져 있어도 10분마다 알아서 실내외 공기질을 분석하고 오염도를 예측해 언제나 실내 공기를 청정하게 관리할 수 있다.

이번 행사 기간 구매 고객을 대상으로 최대 10만원 상당의 포인트가 제공된다. 특히 '비스포크 큐브 에어' 등 삼성전자의 가전제품을 2품목 이상 구매하는 고객들에게는 '삼성전자 다품목 패키지' 혜택이 적용돼 최대 20만원 상당의 포인트를 받을 수 있다.

아울러 삼성전자는 오는 26일까지 삼성전자 인스타그램 채널을 통해 외식상품권 등 풍성한 경품을 증정하는 '미세먼지 시즌, 돌아온 에어특공대 이벤트'도 진행한다.

황태환 삼성전자 한국총괄 부사장은 ""11월 시작과 함께 찾아온 미세먼지 소식에 소비자들의 걱정을 해소하기 위해 이번 프로모션을 준비했다""며 ""'비스포크 큐브 에어'의 차별화된 청정 기능으로 온 가족이 쾌적한 공간을 경험해 보시기를 바란다""고 말했다."
"<b>삼성전자</b>, 부산서 '오디세이 체험존' 운영… &quot;LOL 팬 모여라&quot;",https://www.getnews.co.kr/news/articleView.html?idxno=647529,https://www.getnews.co.kr/news/articleView.html?idxno=647529,<b>삼성전자</b>가 '2023 리그 오브 레전드(League of Legends) 국제대회' 토너먼트 스테이지에 맞춰 '오디세이 체험존'을 롯데백화점 부산 본점에서 오는 17일까지 운영한다. 방문객들은 오디세이 체험존에서 ▲세계 최초... ,"Fri, 03 Nov 2023 14:10:00 +0900","(사진=삼성전자)

삼성전자가 '2023 리그 오브 레전드(League of Legends) 국제대회' 토너먼트 스테이지에 맞춰 '오디세이 체험존'을 롯데백화점 부산 본점에서 오는 17일까지 운영한다.

방문객들은 오디세이 체험존에서 ▲세계 최초 듀얼 UHD 게이밍 모니터인 57형 '오디세이 네오 G9' ▲강력하고 빠른 게임플레이를 지원하는 49형 '오디세이 OLED G9'을 직접 체험해 볼 수 있다.

삼성전자는 행사기간에 삼성스토어 전 지점에서 '오디세이 네오 G9'·'오디세이 OLED G9'·'오디세이 아크' 구매 고객에게 10만원 할인 혜택을 제공하며, 체험존이 위치한 롯데백화점 부산 본점 삼성스토어에서는 추가 10만원 할인 혜택을 제공한다.

이 밖에도 관심 고객 등록 및 해시태그 이벤트에 참여한 방문객을 대상으로 T1 및 오디세이 굿즈 등 다양한 상품을 선착순 제공한다.

"
"<b>삼성전자</b>, 파리서 '2030 부산엑스포' 유치 지원 총력",https://www.dailian.co.kr/news/view/1290417/?sc=Naver,https://n.news.naver.com/mnews/article/119/0002764853?sid=101,<b>삼성전자</b>가 국제박람회기구(BIE) 총회가 열리는 프랑스 파리에서 '2030 부산세계박람회(엑스포)' 유치 지원을 강화한다. <b>삼성전자</b>는 최근 파리에 입국하는 길목인 샤를드골 국제공항 2E 터미널 입국장에서 14개의... ,"Thu, 02 Nov 2023 08:20:00 +0900","삼성전자가 최근 프랑스 파리 샤를드골 국제공항에서 14개의 광고판을 통해 부산엑스포를 알리고 있다.ⓒ삼성전자

삼성전자가 국제박람회기구(BIE) 총회가 열리는 프랑스 파리에서 '2030 부산세계박람회(엑스포)' 유치 지원을 강화한다.





삼성전자는 최근 파리에 입국하는 길목인 샤를드골 국제공항 2E 터미널 입국장에서 14개의 광고판을 통해 부산엑스포를 집중적으로 알리고 있다고 2일 밝혔다.





샤를드골 공항 이용객들은 100m 이상의 이동동선에 연달아 자리잡은 광고판에서 다양한 갤럭시 광고와 더불어 부산의 인상적인 모습을 일러스트로 표현한 부산엑스포 홍보 이미지를 접할 수 있다.





이곳은 대한항공, 델타, 에어프랑스 등 주요 항공편이 이용하는 위치이며, 삼성전자는 2030 엑스포 개최지가 결정되는 11월 28일 BIE 제 173회 총회 때까지 파리에서 부산엑스포를 적극적으로 홍보할 예정이다.





이외에도 삼성전자는 ▲9월 독일 베를린에서 열린 유럽 최대 가전전시회 IFA 2023 ▲2월 스페인 바르셀로나에서 열린 MWC(모바일 월드 콩그레스) ▲1월 스위스 다보스에서 열린 세계경제포럼 등 글로벌 주요 행사에 맞춰 부산 엑스포 광고를 진행하는 등 다양한 유치 활동을 펼쳐 왔다."
"<b>삼성전자</b>, 부산서 '오디세이 체험존' 운영",http://www.smedaily.co.kr/news/articleView.html?idxno=272988,http://www.smedaily.co.kr/news/articleView.html?idxno=272988,방문객들이 롯데백화점 부산 본점에 위치한 '오디세이 체험존'에서 삼성전자 게이밍 모니터를 체험하고 있다. 사진/<b>삼성전자 삼성전자</b>는 오는 17일까지 '2023 리그 오브 레전드 국제대회' 토너먼트 스테이지에 맞춰... ,"Fri, 03 Nov 2023 11:08:00 +0900","방문객들이 롯데백화점 부산 본점에 위치한 '오디세이 체험존'에서 삼성전자 게이밍 모니터를 체험하고 있다. 사진/삼성전자

삼성전자는 오는 17일까지 ‘2023 리그 오브 레전드 국제대회’ 토너먼트 스테이지에 맞춰 롯데백화점 부산 본점에서 ‘오디세이 체험존’을 운영한다고 3일 밝혔다.

방문객들은 오디세이 체험존에서 57형 오디세이 네오 G9, 49형 오디세이 OLED G9을 직접 체험해 볼 수 있다.

삼성전자는 행사기간에 삼성스토어 전 지점에서 오디세이 네오 G9·오디세이 OLED G9·오디세이 아크 구매 고객에게 10만원 할인 혜택을 제공한다. 체험존이 위치한 롯데백화점 부산 본점 삼성스토어에서는 추가 10만원 할인 혜택을 준다.

이외에도 관심 고객 등록 및 해시태그 이벤트에 참여한 방문객을 대상으로 T1 및 오디세이 굿즈 등 다양한 상품을 선착순 증정한다."
<b>삼성전자</b> &quot;4분기 글로벌 IT 수요 개선…HBM3 양산 판매 확대&quot;,http://www.newsis.com/view/?id=NISX20231031_0002502681&cID=13001&pID=13000,https://n.news.naver.com/mnews/article/003/0012178389?sid=101,<b>삼성전자</b>가 31일 올해 3분기 실적 발표와 함께 4분기 전망을 공개했다. 올 4분기에는 글로벌 IT 수요가 점진적으로 개선될 것으로 전망했다. DS(반도체)부문은 HBM(고대역폭메모리) 등 고부가 제품 판매 확대 및 기술... ,"Tue, 31 Oct 2023 09:36:00 +0900",[서울=뉴시스] 정병혁 기자 = 서울 서초구 삼성전자 서초사옥에서 삼성 깃발이 바람에 휘날리고 있다. 2023.07.07. jhope@newsis.com
"<b>삼성전자</b>, 부산에서 '오디세이 체험존' 운영",http://moneys.mt.co.kr/news/mwView.php?no=2023110308255365751,https://n.news.naver.com/mnews/article/417/0000959551?sid=101,<b>삼성전자</b>는 '2023 리그 오브 레전드 국제대회' 토너먼트 스테이지에 맞춰 '오디세이 체험존'을 롯데백화점 부산 본점에서 오는 17일까지 운영한다고 3일 밝혔다. 방문객들은 오디세이 체험존에서 ▲세계 최초 듀얼 UHD... ,"Fri, 03 Nov 2023 08:26:00 +0900","[헬스S] 난소암 수술 전 면역항암제 치료… 암 성장 1.5배 억제 진행성 난소암 수술 전 면역항암제를 투여하면 치료 효과가 높아진다는 연구결과가 나왔다.4일 연세의료원에 따르면 이정윤·김성훈·김상운 연세암병원 부인암센터 교수(산부인과)와 박준식 연세대학교 의과대학 의생명과학부 교수 공동연구팀이 진행성 난소암 환자에게 수술 전 선행보조항암요법을 시행한 결과, 암이 더 이상 성장하지 않는 무진행생존기간이 기존 치료 대비 1.5배 증가했다. 이번 연구결과는 국제 학술지 ""암 면역요법 저널"" 최신호에 게재됐다.진행성 난소암은 종양을 직접 제거하는 외과 수술과 항암화학요법을 통해 치료한다. 3기 난소암은 보통 치료 후에도 저항성을 가진 암세포가 남아 재발이 빈번해, 치료 후 무진행생존기간은 평균 12개월밖에 되지 않는다. 연구팀은 연세암병원 등 국내 4개 의료기관에 등록된 3기 이상의 난소암 환자 23명을 대상으로 ""더발루맙""과 ""트레멜리무맙"" 두 가지 면역관문억제제를 백금기반 항암제와 함께 투여한 뒤 암 제거 수술을 진행했다. 더발루맙은 암세포에서.."
"LoL팬 모여라…<b>삼성전자</b>, 부산서 ‘오디세이 체험존’ 연다",https://www.ebn.co.kr/news/view/1598265/?sc=Naver,https://www.ebn.co.kr/news/view/1598265/?sc=Naver,롯데백화점 부산 본점 <b>삼성</b>스토어서 추가 10만원 할인 <b>삼성전자</b>는 ‘2023 리그 오브 레전드(League of Legends) 국제대회’ 토너먼트 스테이지에 맞춰 ‘오디세이 체험존’을 롯데백화점 부산 본점에서 오는 17일까지... ,"Fri, 03 Nov 2023 08:32:00 +0900","롯데백화점 부산 본점 삼성스토어서 추가 10만원 할인

삼성전자는 ‘2023 리그 오브 레전드(League of Legends) 국제대회’ 토너먼트 스테이지에 맞춰 ‘오디세이 체험존’을 롯데백화점 부산 본점에서 오는 17일까지 운영한다고 3일 밝혔다.





방문객들은 오디세이 체험존에서 ▲세계 최초 듀얼 UHD 게이밍 모니터인 57형 ‘오디세이 네오 G9’ ▲강력하고 빠른 게임플레이를 지원하는 49형 ‘오디세이 OLED G9’을 직접 체험해 볼 수 있다.





삼성전자는 행사기간에 삼성스토어 전 지점에서 ‘오디세이 네오 G9’·‘오디세이 OLED G9’·‘오디세이 아크’ 구매 고객에게 10만원 할인 혜택을 제공한다. 또 체험존이 위치한 롯데백화점 부산 본점 삼성스토어에서는 추가 10만원 할인 혜택을 제공한다.





외에도 관심 고객 등록과 해시태그 이벤트에 참여한 방문객을 대상으로 T1과 오디세이 굿즈 등 다양한 상품을 선착순으로 제공한다.









©(주) EBN 무단전재 및 재배포 금지"
"[포토] <b>삼성전자</b>, 부산서 '오디세이 체험존' 운영",https://www.etoday.co.kr/news/view/2298896,https://www.etoday.co.kr/news/view/2298896,이투데이=유진의 기자 | <b>삼성전자</b>가 '2023 리그 오브 레전드 국제대회' 토너먼트 스테이지에 맞춰 '오디세이 체험존'을 롯데백화점 부산 본점에서 오는 17일까지 운영한다고 3일 밝혔다. 방문객들은 오디세이... ,"Fri, 03 Nov 2023 08:54:00 +0900","▲방문객들이 롯데백화점 부산 본점에 위치한 '오디세이 체험존'에서 삼성전자 게이밍 모니터를 체험하고 있다. (사진제공=삼성전자)

삼성전자가 '2023 리그 오브 레전드 국제대회' 토너먼트 스테이지에 맞춰 '오디세이 체험존'을 롯데백화점 부산 본점에서 오는 17일까지 운영한다고 3일 밝혔다.

▲방문객들이 롯데백화점 부산 본점에 위치한 '오디세이 체험존'에서 삼성전자 게이밍 모니터를 체험하고 있다. (사진제공=삼성전자)

방문객들은 오디세이 체험존에서 △세계 최초 듀얼 UHD 게이밍 모니터인 57형 '오디세이 네오 G9' △강력하고 빠른 게임플레이를 지원하는 49형 '오디세이 OLED G9'을 직접 체험해 볼 수 있다.

삼성전자는 행사기간에 삼성스토어 전 지점에서 '오디세이 네오 G9'·'오디세이 OLED G9'·'오디세이 아크' 구매 고객에게 10만 원 할인 혜택을 제공하며, 체험존이 위치한 롯데백화점 부산 본점 삼성스토어에서는 추가 10만 원 할인 혜택을 제공한다.

▲방문객들이 롯데백화점 부산 본점에 위치한 '오디세이 체험존'에서 삼성전자 게이밍 모니터를 체험하고 있다. (사진제공=삼성전자)

이 밖에도 관심 고객 등록 및 해시태그 이벤트에 참여한 방문객을 대상으로 T1 및 오디세이 굿즈 등 다양한 상품을 선착순 제공한다."
"<b>삼성전자</b>, 부산에서 '오디세이 체험존' 운영",http://www.babytimes.co.kr/news/articleView.html?idxno=65037,http://www.babytimes.co.kr/news/articleView.html?idxno=65037,<b>삼성전자</b>가 '2023 리그 오브 레전드국제대회' 토너먼트 스테이지에 맞춰 '오디세이 체험존'을 롯데백화점 부산 본점에서 오는 17일까지 운영한다. 방문객들은 오디세이 체험존에서 ▲세계 최초 듀얼 UHD 게이밍... ,"Fri, 03 Nov 2023 08:14:00 +0900","[베이비타임즈=장선희 기자] 삼성전자가 ‘2023 리그 오브 레전드국제대회’ 토너먼트 스테이지에 맞춰 ‘오디세이 체험존’을 롯데백화점 부산 본점에서 오는 17일까지 운영한다.

방문객들은 오디세이 체험존에서 ▲세계 최초 듀얼 UHD 게이밍 모니터인 57형 '오디세이 네오 G9' ▲강력하고 빠른 게임플레이를 지원하는 49형 '오디세이 OLED G9'을 직접 체험해 볼 수 있다.

삼성전자는 행사기간에 삼성스토어 전 지점에서 ‘오디세이 네오 G9’·‘오디세이 OLED G9’·‘오디세이 아크’ 구매 고객에게 10만원 할인 혜택을 제공하며 체험존이 위치한 롯데백화점 부산 본점 삼성스토어에서는 추가 10만원 할인 혜택을 제공한다.

이밖에도 관심 고객 등록 및 해시태그 이벤트에 참여한 방문객을 대상으로 T1 및 오디세이 굿즈 등 다양한 상품을 선착순 제공한다.

저작권자 © 베이비타임즈 무단전재 및 재배포 금지"
"<b>삼성전자</b>, 미세먼지 ALL 클린 프로모션 진행",https://www.nspna.com/news/?mode=view&newsid=666081,https://www.nspna.com/news/?mode=view&newsid=666081,<b>삼성전자</b>가 공기청정기 ‘비스포크 큐브 Air’를 보다 특별한 혜택으로 만나볼 수 있는 프로모션을 전개한다. <b>삼성전자</b>는 이달 30일까지 전국 <b>삼성</b>스토어에서 미세먼지 All 클린 프로모션을 실시한다. 이번... ,"Fri, 03 Nov 2023 12:22:00 +0900","(사진 = 삼성전자)

(서울=NSP통신) 이복현 기자 = 삼성전자가 공기청정기 ‘비스포크 큐브 Air’를 보다 특별한 혜택으로 만나볼 수 있는 프로모션을 전개한다.



삼성전자는 이달 30일까지 전국 삼성스토어에서 미세먼지 All 클린 프로모션을 실시한다.



이번 프로모션은 11월 고농도의 미세먼지가 유입될 것으로 전망됨에 따라 보다 많은 소비자들이 비스포크 큐브 Air로 공기질을 관리할 수 있도록 마련됐다.

G03-8236672469

프로모션 기간 중 비스포크 큐브 Air 123㎡형 모델(AX123CB850SLD, AX123CB870HND, AX123CB870HGD, AX123CB860SED)을 구매하면 최대 10만원 상당의 포인트가 제공된다.

비스포크 큐브 Air 등 삼성전자의 가전제품을 2품목 이상 함께 구매하는 고객들에게는 삼성전자 다품목 패키지 혜택이 적용돼 최대 20만원 상당의 포인트를 받을 수 있다.



삼성전자는 오는 26일까지 삼성전자 인스타그램 채널을 통해 ‘미세먼지 시즌, 돌아온 에어특공대 이벤트’도 진행한다.



삼성전자 한국총괄 황태환 부사장은 “11월 시작과 함께 찾아온 미세먼지 소식에 소비자들의 걱정을 해소하기 위해 이번 프로모션을 준비했다”며 “비스포크 큐브 Air의 차별화된 청정 기능으로 온 가족이 쾌적한 공간을 경험해 보시기를 바란다”라고 밝혔다.

ⓒ한국의 경제뉴스통신사 NSP통신·NSP TV. 무단전재-재배포 금지."
"<b>삼성전자</b>, 창립 54주년…한종희 “기술과 품질 최우선”",https://economist.co.kr/article/view/ecn202311010016,https://n.news.naver.com/mnews/article/243/0000052180?sid=101,"<b>삼성전자</b>가 1일 수원 디지털시티에서 한종희 대표이사 부회장, 디바이스 경험(DX)·디바이스 솔루션(DS) 부문 사업부장 등 경영진과 임직원 400여 명이 참석한 가운데 창립 54주년 기념식을 열었다. 기념식은 축하공연(임직원... ","Wed, 01 Nov 2023 10:21:00 +0900","한종희 대표이사 부회장이 1일 삼성전자 수원 디지털시티에서 삼성전자 창립 54주년 기념사를 하고 있다. [사진 삼성전자]

[이코노미스트 이창훈 기자] 삼성전자가 1일 수원 디지털시티에서 한종희 대표이사 부회장, 디바이스 경험(DX)·디바이스 솔루션(DS) 부문 사업부장 등 경영진과 임직원 400여 명이 참석한 가운데 창립 54주년 기념식을 열었다.기념식은 축하공연(임직원 장애인 자녀가 참여한 듀엣 연주단), 근속상 및 모범상 시상, 창립기념사, 기념 영상 시청 순으로 진행됐다.한 부회장은 창립기념사를 통해 기술과 품질을 최우선으로 지키고 최고의 고객 경험과 가치를 창출하자고 밝혔다. 또한 미래 준비를 더욱 강화해 지속 성장의 기반을 확보하고 지속 가능 경영을 함께 실천할 것을 강조했다. 임직원 노고에 감사도 표했다.한 부회장은 “기술과 품질은 최우선으로 지켜야 하는 본원적 경쟁력”이라며 “시대가 변해도 기술 선도는 삼성전자 최고의 가치이며 품질은 양보할 수 없는 핵심 경쟁력”이라고 말했다.그는 “지금과 같은 불황기에는 단기적 성과에 집착하기 쉽지만, 삼성전자에 내재된 도전과 혁신의 DNA를 발전시킬 기회로 활용해야 한다”라며 “기술 우위를 확보하기 위한 투자는 언제나 최우선으로 추진하고 기술 격차를 바탕으로 확보한 재원을 연구개발에 재투자해, 성장 기반을 강화하는 선순환 구조를 구축하자”라고 주문했다.또 한 부회장은 최고의 고객 경험과 가치를 창출하는 기업으로 거듭나길 다짐했다. 그는 “여러 제품을 잘 연결해 보다 큰 가치를 제공해 미래 라이프스타일을 선도하는 기업이 돼야 한다”라며 “고객 중심적인 기업이 되기 위해 조직 간 경계를 넘어 원 삼성(One Samsung)으로 협력해야 한다”라고 당부했다.이어서 한 부회장은 지속 성장의 기반을 다지기 위해 “기존에 잘해왔던 사업에만 머무르지 말고 미래 성장을 견인할 수 있는 신사업 발굴을 적극 확대해 가자”라면서 “AI(인공지능)와 데이터를 기반으로 운영시스템을 혁신해 경영 전반의 생산성과 효율성을 높이자”라고 강조했다.한 부회장은 지속 가능 경영 실천과 준법 문화 정착도 당부했다. 한 부회장은 “삼성전자 지속 가능 경영의 궁극적 목표는 고객이 삼성 제품을 사용하는 것만으로도 미래 사회와 지구 환경을 위한 실천이 될 수 있도록 하는 것”이라며 “지속 가능한 혁신 제품 발굴을 강화해 달라”라고 말했다.한 부회장은 “11월 1일부터 2주간 삼성전자를 포함한 삼성 전(全) 관계사 임직원이 봉사활동에 참여하는 나눔위크 캠페인을 추진한다”라며 ‘같이 나누고 함께 성장하는 것이 세계 최고를 향한 길’이란 이재용 회장의 동행 철학을 다시 한번 되새기며 임직원 모두 적극적으로 참여해 주길 부탁했다.나눔위크 기간 동안 삼성전자를 비롯한 삼성 관계사 임직원들은 ▲나눔키오스크를 통한 기부 ▲사업장 인근 지역 사회 봉사 ▲헌혈 참여 등 일상의 나눔을 펼친다.사업장 인근 지역사회 봉사활동은 코로나19로 중단됐다가 올해 재개됐다. 봉사활동에 참여하는 삼성 임직원은 사업장별로 장애인·노인을 위한 사회복지시설을 방문해 청소·배식을 하거나 지역아동센터와 보육원을 찾아 아동들의 놀이·학습·문화 활동을 돕는다.또 사업장 인근 하천과 공원에서 환경 개선 활동도 펼친다. 이 밖에 점자도서와 난방키트 등을 직접 만들어 도움이 필요한 지역사회 이웃에게 전달하는 봉사활동도 진행한다.ⓒ이코노미스트(https://economist.co.kr) '내일을 위한 경제뉴스 이코노미스트' 무단 전재 및 재배포 금지"
"<b>삼성전자</b>, 부산에서 '오디세이 체험존' 운영",http://www.ezyeconomy.com/news/articleView.html?idxno=127352,http://www.ezyeconomy.com/news/articleView.html?idxno=127352,삼성전자가 오는 17일까지 롯데백화점 부산 본점에서 '2023 리그 오브 레전드(League of Legends) 국제대회' 토너먼트 스테이지에 맞춰 '오디세이 체험존'을 운영한다. 사진=<b>삼성전자  삼성전자</b>는 오는 17일까지... ,"Fri, 03 Nov 2023 09:44:00 +0900","듀얼 UHD 게이밍 모니터인 57형 '오디세이 네오 G9' 체험

삼성전자가 오는 17일까지 롯데백화점 부산 본점에서 '2023 리그 오브 레전드(League of Legends) 국제대회' 토너먼트 스테이지에 맞춰 '오디세이 체험존'을 운영한다. 사진=삼성전자

[이지경제=정석규 기자] 삼성전자는 오는 17일까지 롯데백화점 부산 본점에서 '2023 리그 오브 레전드(League of Legends) 국제대회' 토너먼트 스테이지에 맞춰 '오디세이 체험존'을 운영한다고 3일 밝혔다.

방문객들은 오디세이 체험존에서 ▲세계 최초 듀얼 UHD 게이밍 모니터인 57형 '오디세이 네오 G9' ▲강력하고 빠른 게임플레이를 지원하는 49형 '오디세이 OLED G9' 등을 체험할 수 있다.

삼성전자는 행사기간에 삼성스토어 전 지점에서 '오디세이 네오 G9'·'오디세이 OLED G9'·'오디세이 아크' 구매 고객에게 10만원 할인 혜택을 준다. 체험존이 위치한 롯데백화점 부산 본점 삼성스토어에서는 추가 10만원 할인 혜택을 제공한다.

<저작권자 © 이지경제 무단전재 및 재배포 금지>"
<b>삼성전자</b> 창립 54주년 “기술과 품질이 최우선 경쟁력”,https://www.donga.com/news/Economy/article/all/20231101/121980741/1,https://n.news.naver.com/mnews/article/020/0003528834?sid=101,"<b>삼성전자</b>는 1일 경기 수원 디지털시티에서 한종희 대표이사 부회장(사진), 디바이스경험(DX)·반도체(DS)부문 각 사업부장 등 경영진과 임직원 400여 명이 참석한 가운데 창립 54주년 기념식을 개최했다. 한 부회장은... ","Thu, 02 Nov 2023 03:03:00 +0900","삼성전자는 1일 경기 수원 디지털시티에서 한종희 대표이사 부회장(사진), 디바이스경험(DX)·반도체(DS)부문 각 사업부장 등 경영진과 임직원 400여 명이 참석한 가운데 창립 54주년 기념식을 개최했다.한 부회장은 창립기념사를 통해 “기술과 품질은 최우선으로 지켜야 하는 본원적 경쟁력”이라며 “시대가 변해도 기술 선도는 삼성전자 최고의 가치이며 품질은 양보할 수 없는 핵심 경쟁력”이라고 말했다.또 최근의 경기 침체 대응 전략에 대해 “지금과 같은 불황기에는 단기적 성과에 집착하기 쉽지만 삼성전자에 내재된 도전과 혁신의 DNA를 발전시킬 기회로 활용해야 한다”며 “기술 우위를 확보하기 위한 투자는 언제나 최우선으로 추진하고, 기술격차를 바탕으로 확보한 재원을 연구개발(R&D)에 재투자해 성장 기반을 강화하는 선순환 구조를 구축하자”고 주문했다.삼성은 삼성전자 창립기념일을 맞아 이날부터 2주간 삼성전자를 포함한 삼성 전(全) 관계사 임직원이 봉사활동에 참여하는 ‘나눔위크’ 캠페인을 진행한다. 해당 기간 삼성전자를 비롯한 삼성 관계사 임직원들은 △나눔키오스크를 통한 기부 △사업장 인근 지역사회 봉사 △헌혈 등에 참여할 예정이다.이재용 삼성전자 회장은 예년과 같이 창립기념 행사에 참석하지 않고 별도 메시지도 내지 않은 것으로 전해졌다. 다만 행사 영상 말미에 지난해 사장단 간담회서 밝혔던 “꿈과 상상을 현실로 만드는 기업, 끊임없이 새로운 세계를 열어가는 기업, 세상에 없는 기술로 인류사회를 풍요롭게 하는 기업, 이것이 여러분과 저의 하나된 비전 미래의 삼성이라고 생각합니다”라는 글귀가 상영됐다.곽도영 기자 now@donga.com"
"<b>삼성전자</b>, 파리 샤를드골 국제공항서 ‘부산엑스포’ 홍보",https://biz.chosun.com/it-science/ict/2023/11/02/AGE2FP62NRBVHIHQTL2OQOJFFM/?utm_source=naver&utm_medium=original&utm_campaign=biz,https://n.news.naver.com/mnews/article/366/0000944382?sid=105,<b>삼성전자</b>가 국제박람회기구(BIE) 총회가 열리는 프랑스 파리에서 ‘2030 부산세계박람회(엑스포)’ 유치 지원을 강화한다고 2일 밝혔다. <b>삼성전자</b>는 최근 파리에 입국하는 길목인 샤를드골 국제공항 2E 터미널... ,"Thu, 02 Nov 2023 08:29:00 +0900",
"<b>삼성전자</b>, '미세먼지 ALL 클린' 프로모션 진행",http://www.dailypop.kr/news/articleView.html?idxno=72997,http://www.dailypop.kr/news/articleView.html?idxno=72997,<b>삼성전자</b>는 이달 30일까지 전국 <b>삼성</b>스토어에서 '미세먼지 All 클린 프로모션'을 실시한다. 이번 프로모션은 11월 고농도의 미세먼지가 유입될 것으로 전망됨에 따라 보다 많은 소비자들이 '비스포크 큐브 Air'로... ,"Fri, 03 Nov 2023 14:12:00 +0900","삼성전자는 이달 30일까지 전국 삼성스토어에서 '미세먼지 All 클린 프로모션'을 실시한다. 이번 프로모션은 11월 고농도의 미세먼지가 유입될 것으로 전망됨에 따라 보다 많은 소비자들이 '비스포크 큐브 Air'로 공기질을 관리할 수 있도록 마련됐다.

비스포크 큐브 Air는 인공지능 기술을 기반으로 사용자 맞춤형 공기질 관리가 가능한 공기청정기로, '맞춤청정 AI+' 기능을 이용하면 전원이 꺼져 있어도 10분마다 알아서 실내외 공기질을 분석하고 오염도를 예측해 관리한다.

프로모션 기간 중 비스포크 큐브 Air 123㎡형 모델(AX123CB850SLD, AX123CB870HND, AX123CB870HGD, AX123CB860SED)을 구매하면 최대 10만원 상당의 포인트가 제공된다.

비스포크 큐브 Air 등 삼성전자의 가전제품을 2품목 이상 함께 구매하는 고객들에게는 '삼성전자 다품목 패키지' 혜택이 적용되어 최대 20만원 상당의 포인트를 받을 수 있다.

삼성전자는 오는 26일까지 삼성전자 인스타그램 채널을 통해 '미세먼지 시즌, 돌아온 에어특공대 이벤트'도 진행한다.

비스포크 큐브 Air의 캐릭터 '에어특공대'와 함께하는 3개의 콘텐츠를 통해 ▲AI 루틴 ▲트리플 청정 ▲공간 맞춤 등 큐브 Air만의 특화 기능들을 소개한다. 해당 콘텐츠를 개인 SNS에 업로드하면 추첨을 통해 외식상품권 등 풍성한 경품을 증정한다.

저작권자 © 데일리팝 무단전재 및 재배포 금지"
‘절치부심’ <b>삼성전자</b> 시스템LSI… ‘엑시노스 2400’으로 재도약 노린다,https://biz.chosun.com/it-science/ict/2023/11/03/HZEM467ZSRB6TDBOVUUNKKQYNA/?utm_source=naver&utm_medium=original&utm_campaign=biz,https://n.news.naver.com/mnews/article/366/0000944907?sid=105,"갤럭시S24에 엑시노스 2400 탑재 유력 “CPU 성능 1.7배, AI 성능은 14배 향상” 시제품 테스트서 성능 검증… 퀄컴 제품과 혼용될듯 <b>삼성전자</b> 시스템LSI 사업부가 내년에 출시될 갤럭시S24에 ‘엑시노스2400′ 공급을... ","Fri, 03 Nov 2023 15:51:00 +0900",
"[위클리 스마트] <b>삼성</b> 모바일, 'AI 주도권' 선점 나서나",https://www.yna.co.kr/view/AKR20231103155900017?input=1195m,https://n.news.naver.com/mnews/article/001/0014309072?sid=101,갤럭시 S24에 온디바이스 AI 탑재 전망…랩톱 시장에서도 반전 계기 마련 <b>삼성전자</b> 모바일경험(MX) 사업부가 내년 선보일 제품에 인공지능(AI)을 선제적으로 도입할 전망이다. 4일 업계에 따르면 <b>삼성전자</b>는 내년 초... ,"Sat, 04 Nov 2023 10:00:00 +0900",
"<b>삼성전자</b>, 부산에서 '오디세이 체험존' 운영",http://www.newspost.kr/news/articleView.html?idxno=112237,http://www.newspost.kr/news/articleView.html?idxno=112237,삼성전자 롯데백화점 부산본점 체험존. (사진=<b>삼성전자</b>) <b>삼성전자</b>가 '2023 리그 오브 레전드 국제대회' 토너먼트 스테이지에 맞춰 '오디세이 체험존'을 롯데백화점 부산 본점에서 오는 17일까지 운영한다고 3일 밝혔다.... ,"Fri, 03 Nov 2023 09:18:00 +0900","삼성전자 롯데백화점 부산본점 체험존. (사진=삼성전자)

[뉴스포스트=이상진 기자] 삼성전자가 '2023 리그 오브 레전드 국제대회' 토너먼트 스테이지에 맞춰 '오디세이 체험존'을 롯데백화점 부산 본점에서 오는 17일까지 운영한다고 3일 밝혔다.

방문객들은 오디세이 체험존에서 ▲세계 최초 듀얼 UHD 게이밍 모니터인 57형 '오디세이 네오 G9' ▲강력하고 빠른 게임플레이를 지원하는 49형 '오디세이 OLED G9' 등을 직접 체험해 볼 수 있다.

삼성전자는 행사기간에 삼성스토어 전 지점에서 '오디세이 네오 G9'·'오디세이 OLED G9'·'오디세이 아크' 구매 고객에게 할인 혜택을 제공한다. 또 체험존이 위치한 롯데백화점 부산 본점 삼성스토어에서는 추가 할인 혜택을 제공한다.

이 밖에도 관심 고객 등록 및 해시태그 이벤트에 참여한 방문객을 대상으로 T1 및 오디세이 굿즈 등 다양한 상품을 선착순 제공한다."
"<b>삼성전자</b>, 부산 롯데百서 '오디세이 체험존' 운영",http://www.fintechpost.co.kr/news/articleView.html?idxno=172944,http://www.fintechpost.co.kr/news/articleView.html?idxno=172944,FINTECHPOST방문객들이 롯데백화점 부산 본점에 위치한 '오디세이 체험존'에서 삼성전자 게이밍 모니터를 체험하고 있다. (사진=<b>삼성전자</b>) <b>삼성전자</b>가 오는 17일까지 롯데백화점 부산 본점에서 '오디세이 체험존'을... ,"Fri, 03 Nov 2023 08:16:00 +0900","방문객들이 롯데백화점 부산 본점에 위치한 '오디세이 체험존'에서 삼성전자 게이밍 모니터를 체험하고 있다. (사진=삼성전자)

삼성전자가 오는 17일까지 롯데백화점 부산 본점에서 '오디세이 체험존'을 운영한다고 3일 밝혔다.

방문객들은 오디세이 체험존에서 ▲세계 최초 듀얼 UHD 게이밍 모니터인 57형 '오디세이 네오 G9' ▲강력하고 빠른 게임플레이를 지원하는 49형 '오디세이 OLED G9'을 직접 체험해 볼 수 있다.

삼성전자는 행사기간에 삼성스토어 전 지점에서 오디세이 관련 제품을 구매 고객에게 10만원 할인 혜택을 제공하며, 체험존이 위치한 롯데백화점 부산 본점 삼성스토어에서는 추가 10만원 할인 혜택을 제공한다.

또한 관심 고객 등록 및 해시태그 이벤트에 참여한 방문객을 대상으로 T1 및 오디세이 굿즈 등 다양한 상품을 선착순 제공한다.

FINTECHPOST

저작권자 © 블록체인밸리::No.1 Korea Blockchain & Fintech Media 무단전재 및 재배포 금지"
"<b>삼성전자</b>, '미세먼지 ALL 클린' 프로모션 전개",https://www.mediapen.com/news/view/868376,https://www.mediapen.com/news/view/868376,<b>삼성전자</b>가 공기청정기 '비스포크 큐브 Air'에 대한 프로모션을 전개한다. <b>삼성전자</b>는 오는 30일까지 전국 <b>삼성</b>스토어에서 '미세먼지 All 클린 프로모션'을 실시한다고 3일 밝혔다. 가을철 실내 공기질 관리에... ,"Fri, 03 Nov 2023 09:56:00 +0900","삼성스토어서 제품 구매 시 최대 10만 원 상당 포인트 제공

큐브 Air 포함 다품목 동시 구매 시 최대 20만 원 추가 혜택

[미디어펜=조우현 기자]삼성전자가 공기청정기 '비스포크 큐브 Air'에 대한 프로모션을 전개한다.

삼성전자는 오는 30일까지 전국 삼성스토어에서 '미세먼지 All 클린 프로모션'을 실시한다고 3일 밝혔다.





▲ 가을철 실내 공기질 관리에 효과적인 공기청정기 '비스포크 큐브 Air' /사진=삼성전자 제공







먼저 프로모션 기간 중 비스포크 큐브 Air 123㎡형 모델(AX123CB850SLD, AX123CB870HND, AX123CB870HGD, AX123CB860SED)을 구매하면 최대 10만 원 상당의 포인트가 제공된다.

비스포크 큐브 Air 등 삼성전자의 가전제품을 2품목 이상 함께 구매하는 고객들에게는 '삼성전자 다품목 패키지' 혜택이 적용돼 최대 20만 원 상당의 포인트를 받을 수 있다.

이밖에도 오는 26일까지 삼성전자 인스타그램 채널을 통해 '미세먼지 시즌, 돌아온 에어특공대 이벤트'도 진행한다.

비스포크 큐브 Air의 캐릭터 '에어특공대'와 함께하는 3개의 콘텐츠를 통해 △AI 루틴 △트리플 청정 △공간 맞춤 등 큐브 Air만의 특화 기능들을 소개한다. 해당 콘텐츠를 개인 SNS에 업로드하면 추첨을 통해 외식상품권 등 풍성한 경품을 증정한다.

비스포크 큐브 Air는 인공지능 기술을 기반으로 사용자 맞춤형 공기질 관리가 가능한 공기청정기다. '맞춤청정 AI+' 기능으로 전원이 꺼져 있어도 10분마다 알아서 실내외 공기질을 분석하고 오염도를 예측해 언제나 실내 공기를 청정하게 관리할 수 있다.

큐브 형태의 감각적인 디자인으로 어느 장소에나 잘 어울리는 비스포크 큐브 Air는 'AI 절약 모드' 사용 시 실내 공기질에 맞춰 스스로 팬을 작동시켜 공기청정기 에너지 사용량을 최대 30%까지 절감할 수 있다.





또 필터 속 항균부터 공간 제균까지 해주는 '트리플 청정' 기능과 직접 닿는 바람없이 저소음으로 청정하는 '저소음 무풍청정'으로 쾌적한 환경을 조성해준다.

삼성전자 한국총괄 황태환 부사장은 ""11월 시작과 함께 찾아온 미세먼지 소식에 소비자들의 걱정을 해소하기 위해 이번 프로모션을 준비했다""며 ""비스포크 큐브 Air의 차별화된 청정 기능으로 온 가족이 쾌적한 공간을 경험해 보시기를 바란다""고 전했다.

한편, 비스포크 큐브 Air 프모로션 및 이벤트에 대한 보다 자세한 내용은 전국 삼성스토어 매장과 삼성닷컴, 삼성전자 인스타그램에서 확인할 수 있다.

[미디어펜=조우현 기자] ▶다른기사보기"
"<b>삼성전자</b>, 부산서 '오디세이 체험존' 운영",http://www.4th.kr/news/articleView.html?idxno=2050649,http://www.4th.kr/news/articleView.html?idxno=2050649,포쓰저널 이현민 기자 삼성전자 부산 오디세이 체험존 / 사진=<b>삼성전자 삼성전자</b>는 '2023 리그 오브 레전드(League of Legends) 국제대회' 토너먼트 스테이지에 맞춰 '오디세이 체험존'을 롯데백화점 부산 본점에서... ,"Fri, 03 Nov 2023 09:50:00 +0900","삼성전자 부산 오디세이 체험존 / 사진=삼성전자

[포쓰저널=이현민 기자] 삼성전자는 '2023 리그 오브 레전드(League of Legends) 국제대회' 토너먼트 스테이지에 맞춰 '오디세이 체험존'을 롯데백화점 부산 본점에서 17일까지 운영한다고 3일 밝혔다.

방문객들은 오디세이 체험존에서 듀얼 UHD 게이밍 모니터인 57형 '오디세이 네오 G9'와 49형 '오디세이 OLED G9'을 직접 체험해 볼 수 있다.

삼성전자는 행사기간에 삼성스토어 전 지점에서 오디세이 네오 G9·오디세이 OLED G9·오디세이 아크 구매 고객에게 10만원 할인 혜택을 제공한다. 체험존이 위치한 롯데백화점 부산 본점 삼성스토어에서는 추가 10만원 할인 혜택이 제공된다.

이 밖에도 관심 고객 등록 및 해시태그 이벤트에 참여한 방문객을 대상으로 T1 및 오디세이 굿즈 등 다양한 상품이 선착순 제공된다."
"<b>삼성전자</b>, 천안사업장 HBM 생산능력 확대",http://www.newsprime.co.kr/news/article.html?no=617883,http://www.newsprime.co.kr/news/article.html?no=617883,<b>삼성전자</b>(005930)가 천안사업장 부지를 넓혀 차세대 고대역폭메모리(HBM) 생산능력을 2배 이상 확대한다. 3일 금융감독원 <b>전자</b>공시시스템에 따르면 <b>삼성전자</b>는 천안사업장 내 생산 부속시설 건설을 위한 부지 확보를... ,"Fri, 03 Nov 2023 16:10:00 +0900","[프라임경제] 삼성전자(005930)가 천안사업장 부지를 넓혀 차세대 고대역폭메모리(HBM) 생산능력을 2배 이상 확대한다.





이재용 삼성전자 회장이 삼성전자 천안캠퍼스를 찾아 패키지 라인을 둘러보고 사업전략을 점검하는 모습. ⓒ 삼성전자



3일 금융감독원 전자공시시스템에 따르면 삼성전자는 천안사업장 내 생산 부속시설 건설을 위한 부지 확보를 목적으로 삼성디스플레이와 105억1000만원의 부동산 계약을 체결했다.





이번 투자를 시작으로 삼성전자는 HBM 생산능력을 확대할 계획이다.





HBM은 여러 개의 D램을 수직으로 연결해 기존 D램보다 데이터 처리 속도를 혁신적으로 끌어올린 고부가가치, 고성능 제품이다. HBM은 생성형 인공지능(AI) 확산으로 수요가 폭증하고 있다.





업계에서는 천안을 중심으로 HBM 신규 라인에 5000억~1조원이 투입될 수 있다고 보고 있다.





앞서 삼성전자는 최근 내년 HBM 생산 능력을 올해보다 2.5배 이상 늘리겠다는 계획을 밝혔다.





김재준 삼성전자 메모리사업부 부사장은 올해 3분기 실적발표 컨퍼런스콜에서 ""현재 HBM3와 HBM3E 신제품 사업을 확대 중이며 이미 주요 고객사와 내년 공급 물량에 대한 협의를 완료한 상황""이라고 설명했다.





이어 ""HBM3는 3분기에 이미 8단과 12단의 양산 공급을 시작했고, 4분기에는 고객사 확대를 통해 판매를 본격화하고 있다""며 ""HBM3 비중은 지속적으로 증가해 내년 상반기 내 HBM 전체 판매 물량의 과반을 넘어설 것으로 예상한다""고 덧붙였다.



"
"<b>삼성전자</b>, 부산에서 '오디세이 체험존' 운영",http://www.wsobi.com/news/articleView.html?idxno=219828,http://www.wsobi.com/news/articleView.html?idxno=219828,<b>삼성전자</b>가 '2023 리그 오브 레전드 국제대회' 토너먼트 스테이지에 맞춰 '오디세이 체험존'을 롯데백화점 부산 본점에서 오는 17일까지 운영한다. 방문객들은 오디세이 체험존에서 △세계 최초 듀얼 UHD 게이밍... ,"Fri, 03 Nov 2023 10:26:00 +0900","[여성소비자신문 신예은 기자] 삼성전자가 ‘2023 리그 오브 레전드 국제대회’ 토너먼트 스테이지에 맞춰 ‘오디세이 체험존’을 롯데백화점 부산 본점에서 오는 17일까지 운영한다.

방문객들은 오디세이 체험존에서 △세계 최초 듀얼 UHD 게이밍 모니터인 57형 ‘오디세이 네오 G9’ △강력하고 빠른 게임플레이를 지원하는 49형 ‘오디세이 OLED G9’을 직접 체험해 볼 수 있다.

삼성전자는 행사기간에 삼성스토어 전 지점에서 ‘오디세이 네오 G9’· ‘오디세이 OLED G9’·‘오디세이 아크’ 구매 고객에게 10만원 할인을 제공하며, 체험존이 위치한 롯데백화점 부산 본점 삼성스토어에서는 추가 10만원 할인을 제공한다.

이 밖에도 관심 고객 등록 및 해시태그 이벤트에 참여한 방문객을 대상으로 T1 및 오디세이 굿즈 등 다양한 상품을 선착순 제공한다.

신예은 기자 island6647@naver.com

<저작권자 © 여성소비자신문, 무단 전재 및 재배포 금지>"
"&quot;막판까지 총력전&quot;…<b>삼성전자</b>, 파리 입국 길목서 '부산엑스포' 알린다",http://www.inews24.com/view/1649348,https://n.news.naver.com/mnews/article/031/0000784431?sid=101,<b>삼성전자</b>가 오는 28일(현지시간) 국제박람회기구(BIE) 총회가 열리는 프랑스 파리에서 '2030 부산세계박람회(엑스포)' 유치 지원을 강화한다. <b>삼성전자</b>는 최근 파리에 입국하는 길목인 샤를드골 국제공항 2E 터미널... ,"Thu, 02 Nov 2023 10:48:00 +0900","[아이뉴스24 권용삼 기자] 삼성전자가 오는 28일(현지시간) 국제박람회기구(BIE) 총회가 열리는 프랑스 파리에서 '2030 부산세계박람회(엑스포)' 유치 지원을 강화한다.

삼성전자가 프랑스 파리 샤를드골 국제공항에서 14개의 광고판을 통해 부산엑스포를 알리고 있는 모습. [사진=삼성전자]

삼성전자는 최근 파리에 입국하는 길목인 샤를드골 국제공항 2E 터미널 입국장에서 14개의 광고판을 통해 부산엑스포를 집중적으로 알리고 있다고 2일 밝혔다. 이 입국장은 대한항공, 델타, 에어프랑스 등 주요 항공편이 이용하는 곳이다. 이용객들은 100미터 이상의 이동동선에 연달아 자리잡은 광고판에서 다양한 갤럭시 광고와 더불어 부산의 인상적인 모습을 일러스트로 표현한 부산엑스포 홍보 이미지를 접할 수 있다.

앞서 삼성전자는 지난 9월 독일 베를린에서 열린 유럽 최대 가전전시회 'IFA 2023'를 비롯해 △2월 스페인 바르셀로나에서 열린 'MWC(모바일 월드 콩그레스)' △1월 스위스 다보스에서 열린 세계경제포럼(WEF) 등 글로벌 주요 행사에 맞춰 부산 엑스포 광고를 진행하는 등 다양한 유치 활동을 펼쳐 왔다."
"<b>삼성전자</b> 창립 54주년, '위기 돌파' 경영 메시지 나올까",http://www.newsis.com/view/?id=NISX20231031_0002503807&cID=10414&pID=13000,https://n.news.naver.com/mnews/article/003/0012180855?sid=101,"<b>삼성전자</b>와 <b>삼성</b>디스플레이, <b>삼성</b>전기 등 <b>삼성</b>의 <b>전자</b> 3사가 1일 나란히 창립기념일을 맞는다. 1일 <b>삼성전자</b>에 따르면 <b>삼성</b>은 이날 경기도 수원 디지털시티에서 한종희 부회장 등 사장단이 참석한 가운데 창립 행사를... ","Wed, 01 Nov 2023 07:01:00 +0900","소설가 윤고은 ""주인공 작품 불태우는 나는 '못된 작가'""[신재우의 작가만세]"
"<b>삼성전자</b>, 부산에서 '오디세이 체험존' 운영",http://www.iminju.net/news/articleView.html?idxno=93278,http://www.iminju.net/news/articleView.html?idxno=93278,민주신문=이한호 기자｜<b>삼성전자</b>가 '2023 리그 오브 레전드(League of Legends) 국제대회' 토너먼트 스테이지에 맞춰 '오디세이 체험존'을 롯데백화점 부산 본점에서 오는 17일까지 운영한다고 3일 밝혔다. 방문객들은... ,"Fri, 03 Nov 2023 10:26:00 +0900","방문객들이 롯데백화점 부산 본점에 위치한 '오디세이 체험존'에서 삼성전자 게이밍 모니터를 체험하고 있다. ⓒ삼성전자

민주신문=이한호 기자｜삼성전자가 '2023 리그 오브 레전드(League of Legends) 국제대회' 토너먼트 스테이지에 맞춰 '오디세이 체험존'을 롯데백화점 부산 본점에서 오는 17일까지 운영한다고 3일 밝혔다.

방문객들은 오디세이 체험존에서 ▲세계 최초 듀얼 UHD 게이밍 모니터인 57형 '오디세이 네오 G9' ▲강력하고 빠른 게임플레이를 지원하는 49형 '오디세이 OLED G9'을 직접 체험해 볼 수 있다.

삼성전자는 행사기간에 삼성스토어 전 지점에서 오디세이 네오 G9와 오디세이 OLED G9, 오디세이 아크 구매 고객에게 10만원 할인 혜택을 제공한다.

체험존이 위치한 롯데백화점 부산 본점 삼성스토어에서는 추가 10만원 할인 혜택을 제공한다.

이 밖에도 관심 고객 등록 및 해시태그 이벤트에 참여한 방문객을 대상으로 T1 및 오디세이 굿즈 등 다양한 상품을 선착순으로 제공한다."
